"#","Player","Pos","Team","1","2","3","4","5","6","7","8","9","10","11","12","13","14","15","16","17","18","AVG","TTL"
"1","Lamar Jackson","QB","BAL","25.1","17.4","26","23.6","33.4","19.9","34.4","24.2","23.6","32.9","15.9","22.6","25.4","BYE","36.1","21.5","29.4","","25.7","411.4"
"2","Josh Allen","QB","BUF","31.2","9.8","30.9","7.3","14.6","24.4","21","20.8","23.1","20.2","25","BYE","28.4","51.9","41.3","12.2","23","","24.1","385"
"3","Joe Burrow","QB","CIN","8.1","17.2","25.4","17.3","34.8","19.8","14.9","13.9","30.1","33.7","29","BYE","20.3","25.6","18.8","22","37","","23","367.8"
"4","Jayden Daniels","QB","WAS","28.2","13.4","28.1","25","20.7","21","5.2","22.2","19.9","8.6","14.4","32.4","28.6","BYE","23.6","36.4","32.8","","22.5","360.6"
"5","Baker Mayfield","QB","TB","29.7","19.8","9.5","28.9","23.4","28.9","29","24.3","18","8.9","BYE","18.7","12.2","21","29","23.3","34.6","","22.4","359.2"
"6","Jared Goff","QB","DET","12.4","10.8","15.6","26.2","BYE","25.1","18.8","15.5","9.6","12.8","34.6","10.8","16.9","23","41.1","25.3","25.8","","20.3","324.2"
"7","Saquon Barkley","RB","PHI","31.2","13.6","29.6","11.6","BYE","5.4","24.7","11.1","29.9","7.8","31.8","42.2","17.7","14.4","7.4","27","16.9","","20.1","322.3"
"8","Jalen Hurts","QB","PHI","18.4","24.8","11.9","16.3","BYE","21.9","22.8","35.1","29.9","30.7","18.7","15.1","17.6","24.2","28.1","4.5","-","","21.3","320.1"
"9","Sam Darnold","QB","SEA","15.6","20.9","23.2","21.5","5.3","-","17.3","18.2","21","9.4","23.6","21.1","19.6","34.6","12.2","22.9","25.8","","19.5","312.3"
"10","Bo Nix","QB","DEN","13","10.3","19.3","6.7","23.1","21.7","14.1","29.8","17.7","16.1","28.8","19.4","14.2","BYE","16.5","21","22.9","","18.4","294.7"
"11","Patrick Mahomes II","QB","KC","15.1","14.9","17.4","14","14.4","BYE","14.1","19.2","24.5","16.5","17.8","28.8","16.6","14.1","15.8","23.7","26","","18.3","293"
"12","Derrick Henry","RB","BAL","10.6","15.6","29.4","32.9","15.6","25.2","24.2","13.7","25.3","13.1","10.5","14","11.1","BYE","6.7","18.9","22.5","","18.1","289.3"
"13","Kyler Murray","QB","ARI","14.2","28.5","15.8","10","25.1","12","21.2","22.2","4.8","28.7","BYE","11.3","17.2","20","10.1","21.4","18","","17.5","280.4"
"14","Brock Purdy","QB","SF","10.3","15","25.8","15.6","15.1","24.1","20.2","26","BYE","23.8","19.4","-","2.2","22.1","5","22.1","32.3","","18.6","278.9"
"15","Jahmyr Gibbs","RB","DET","13.4","10.6","16.3","19.8","BYE","9.1","28","19.3","13.6","10.8","18.3","21.9","8.4","13.3","23.4","21.4","22.3","","16.9","269.9"
"16","Ja'Marr Chase","WR","CIN","6.2","3.5","23.8","14.5","31.3","7.2","12.6","11.4","4.3","44.4","19.5","BYE","14.6","31.1","9.4","16.4","10.2","","16.3","260.4"
"17","Justin Herbert","QB","LAC","10.4","12","9","11.2","BYE","13.7","14.8","24.1","19.5","19.8","24.4","17.6","8","13.7","14.8","23.2","24.4","","16.3","260.4"
"18","Geno Smith","QB","LV","18.8","17.9","13.4","22.6","22.6","14.5","17.8","9.1","25.1","BYE","16.7","13.4","12.4","13.3","5.5","23.4","8.3","","15.9","254.7"
"19","Bijan Robinson","RB","ATL","11.1","12.2","11.2","7.4","7.7","22.5","20.3","16.6","14.5","26.4","6.3","BYE","19.5","18.1","13.5","22.3","21.8","","15.7","251.4"
"20","Caleb Williams","QB","CHI","7.2","9.4","19.3","11.5","23.6","29.6","BYE","9.9","9.2","6.3","16.2","26.9","26.1","14.1","9.9","22.8","7.6","","15.6","249.6"
"21","Josh Jacobs","RB","GB","10.4","13.1","4.8","7.8","15.4","9","15.2","24.5","10.8","BYE","19.4","28.6","17.7","24.6","17.6","16.7","10.9","","15.4","246.5"
"22","Jordan Love","QB","GB","17.4","-","-","31.2","17","26.6","18.8","6.7","11.9","BYE","21.2","14.7","19","14.5","17.6","11.5","14","","17.3","242.1"
"23","Aaron Rodgers","QB","PIT","9.6","15.1","21","11.6","14.8","18.8","15","17.3","20.3","4","16.1","-","15","17.6","30.1","12.8","2.5","","15.1","241.6"
"24","Kyren Williams","RB","LAR","11.4","11.2","29.6","16.4","14.5","BYE","19.6","17.6","9.5","6.2","8.6","11.2","17.3","21.7","11.2","18.9","13.2","","14.9","238.1"
"25","C.J. Stroud","QB","HOU","18.7","14.3","11.8","23.5","16.9","19.4","5.3","12.4","11.5","11.8","11.9","17.7","14.4","BYE","11.6","18.1","7.1","","14.1","226.4"
"26","James Cook","RB","BUF","10.3","27.5","14.7","4.8","15.9","-","9.2","25.3","6.9","14.5","14.7","BYE","18","2.9","25.3","24.6","11.3","","15.1","225.9"
"27","Matthew Stafford","QB","LAR","15.7","6.6","12.8","5.9","13.4","BYE","5","25.8","18.9","10.7","27.8","19.2","15.6","20.8","8.2","7","9.2","","13.9","222.6"
"28","Justin Jefferson","WR","MIN","11.9","19.3","14.1","14.5","9.2","BYE","14.4","11.5","14.6","4.8","8.1","2.7","9.9","25.2","13.3","26.4","9.2","","13.1","209.1"
"29","James Conner","RB","ARI","16.3","18.4","2.5","17.3","12","2.6","15.2","12.9","11.9","17.3","BYE","4.9","8.1","18.2","25.8","22.6","0.8","","12.9","206.8"
"30","De'Von Achane","RB","MIA","16","22.5","5.8","2.9","1.7","BYE","8.5","20.7","24.1","5.2","16.5","17.6","13","12.9","7.6","25","3.8","","12.7","203.8"
"31","Jonathan Taylor","RB","IND","10.8","13.5","25.5","16.8","-","-","-","17.7","5.9","12.2","6","3.5","16.3","BYE","9.1","39.8","25.6","","15.6","202.7"
"32","Joe Mixon","RB","HOU","23.8","5","-","-","-","25.2","24.4","19.4","16.6","15","33.3","4.5","17.9","BYE","5.6","7.1","3.9","","15.5","201.7"
"33","Chase Brown","RB","CIN","2.3","3.1","6.9","21.2","13.4","12.4","5.3","9.4","21.7","13.4","14.3","BYE","16","18.3","23.3","10.9","9.1","","12.6","201"
"34","Chuba Hubbard","RB","CAR","1.4","7.6","22.9","18.1","13.5","10.3","11.2","7.1","19.2","20.9","BYE","14","2.3","16.7","4.9","28.5","-","","13.2","198.6"
"35","Alvin Kamara","RB","NO","17","42","12.7","17.9","6.6","12.4","2.4","12.2","21.5","10.9","8.9","BYE","11.9","7.9","13","-","-","","14.1","197.3"
"36","Amon-Ra St. Brown","WR","DET","1.3","11.9","13.5","14.8","BYE","9.7","17.2","6.7","11.6","12","27.7","6.2","7.3","5.3","23.3","13","12","","12.1","193.5"
"37","Kirk Cousins","QB","ATL","8.2","17.5","12.1","8.5","35.4","12.5","9.2","28.6","17.8","11.2","5.9","BYE","6.1","11.8","7.5","-","-","","13.7","192.3"
"38","Tua Tagovailoa","QB","MIA","18.6","8.5","-","-","-","BYE","-","14.7","17.5","9.2","23.5","28.5","25.2","23.5","6.8","12.5","-","","17.1","188.6"
"39","Drake Maye","QB","NE","-","-","2.1","-","0","21.5","20.8","11.5","17.7","12.8","19","14.5","20.4","BYE","18.5","18.4","9.9","","14.4","187.1"
"40","Brian Thomas Jr.","WR","JAC","10.7","9.4","4.8","15.9","18.2","2.7","17.1","12","4.2","1.2","8.6","BYE","14.7","8.6","22.5","19.2","16.9","","11.7","186.7"
"41","David Montgomery","RB","DET","15.3","13","18.2","14","BYE","20","5","13.9","9.6","11.6","21.5","13.3","12.4","14.4","3.5","-","-","","13.3","185.7"
"42","Chris Boswell","K","PIT","26","9","8","8","6","17","14","14","BYE","4","24","8","16","11","8","7","4","","11.5","184"
"43","Aaron Jones Sr.","RB","MIN","16.9","4.8","20.8","13.9","5.3","BYE","17.6","9.5","8.2","10.1","4.3","16.9","6.8","14.4","16.6","9.3","7.7","","11.4","183.1"
"44","Bucky Irving","RB","TB","7.6","2.2","8.4","11.5","3.6","16.5","13.7","8.4","3.4","14.7","BYE","21.2","24.5","1.8","11.3","15.2","19","","11.4","183"
"45","Brandon Aubrey","K","DAL","21","17","11","11","10","12","BYE","6","9","7","6","12","9","9","16","21","1","","11.1","178"
"46","Anthony Richardson Sr.","QB","IND","27.1","12.9","7.1","5.2","-","-","8.8","12.5","-","-","28.1","13","23.2","BYE","15.4","21.2","-","","15.9","174.4"
"47","Terry McLaurin","WR","WAS","1.7","2.2","16","11.2","9.4","17.3","9.8","12.5","13.9","11.3","1","16.2","19.3","BYE","19.3","12","0.5","","10.9","173.6"
"48","Breece Hall","RB","NYJ","13.3","17.4","14.3","1.8","3.7","16.9","20.1","8.9","8.5","8.3","24.1","BYE","6","-","11.1","9","5.3","","11.2","168.7"
"49","Bryce Young","QB","CAR","11.6","3","-","-","3.1","-","-0.2","15.6","10.7","12","BYE","16.5","23.6","13.5","14","27.1","16.9","","12.9","167.6"
"50","Ka'imi Fairbairn","K","HOU","17","20","1","6","16","12","12","11","9","13","10","11","13","BYE","9","7","0","","10.4","167"
"51","Russell Wilson","QB","NYG","-","-","-","-","-","-","24.9","13.8","-","19.1","7.3","13.8","27.9","16","8.4","16.4","18.7","","16.6","166.3"
"52","Denver Broncos","DST","DEN","10","6","15","11","16","3","20","7","-3","5","13","10","20","BYE","20","3","8","","10.3","164"
"52","Cameron Dicker","K","LAC","12","10","4","6","BYE","12","21","9","3","9","12","16","12","5","6","10","17","","10.3","164"
"54","CeeDee Lamb","WR","DAL","8.6","15","4.7","16.6","6.4","9.1","BYE","26.6","8.2","2.4","10.6","6.8","3.9","15.4","17.6","10.5","-","","10.8","162.4"
"55","D'Andre Swift","RB","CHI","5","4.2","4.2","22.5","18","17.9","BYE","18.9","8.2","6.5","14.4","6.5","7.4","4","8.9","5.3","8.1","","10","160"
"56","Jason Sanders","K","MIA","10","4","3","9","12","BYE","4","11","9","15","11","12","3","16","8","21","10","","9.9","158"
"57","Mike Evans","WR","TB","18.1","4.2","1.7","15.4","18.2","3.4","8.5","-","-","-","BYE","6.8","17.8","6.9","27.9","6.9","21.7","","12.1","157.5"
"58","Minnesota Vikings","DST","MIN","22","13","13","8","16","BYE","11","1","11","13","11","7","5","7","8","6","5","","9.8","157"
"59","Najee Harris","RB","LAC","7.9","7.4","8.6","7.3","7.7","18.2","16.2","13.1","-","11.3","9.3","5.4","18.9","11.3","2.1","4.2","8.1","","9.8","157"
"60","Derek Carr","QB","FA","21.3","22.8","9","9.1","13.6","-","-","-","13.4","20.5","18.7","-","14.6","13","-","-","-","","15.6","155.9"
"61","George Kittle","TE","SF","4","13.6","-","10.5","12.4","17.8","9.2","18.8","BYE","11.7","-","14.2","0.7","15.1","6.1","10.6","11.2","","11.1","155.9"
"62","Tony Pollard","RB","TEN","15.4","10.2","2.9","16.8","BYE","14.8","6.5","11.7","15.4","6.3","2.9","18.9","4.8","12.4","8.5","6","-","","10.2","153.5"
"63","Chase McLaughlin","K","TB","15","10","1","11","16","9","5","8","7","8","BYE","6","16","4","18","7","12","","9.6","153"
"63","Jake Bates","K","DET","8","10","2","6","BYE","19","8","12","6","12","12","8","12","11","6","10","11","","9.6","153"
"65","J.K. Dobbins","RB","DEN","19.9","19.1","5.4","6.2","-","16.2","6.6","12.8","22.5","5.5","17.9","5.9","-","BYE","-","-","14.3","","12.7","152.3"
"66","Malik Nabers","WR","NYG","6.6","18.7","20.2","11.1","-","-","4.1","7.1","5.9","4.8","BYE","6.4","7.3","9.9","14.2","6.8","29.1","","10.9","152.2"
"67","Trevor Lawrence","QB","JAC","11.3","13.3","10.4","14.8","22.2","18.1","15","24.3","21.6","-","-","BYE","1.2","-","-","-","-","","15.2","152.2"
"68","Wil Lutz","K","DEN","11","6","16","5","13","5","18","4","4","2","9","22","11","BYE","8","12","6","","9.5","152"
"69","Jaxon Smith-Njigba","WR","SEA","1.9","11.7","3.9","5.1","9.1","5.3","2.3","6.9","30","BYE","11.8","13.7","7.9","14.6","8.3","16","3.2","","9.5","151.7"
"70","Jameson Williams","WR","DET","19.4","9.4","0.2","14","BYE","14.7","-0.4","-","-","5.3","18.6","6.8","4.6","8","9.7","21","19.5","","10.8","150.8"
"71","Drake London","WR","ATL","1.5","11.4","12.7","6.4","21.4","13.4","12.3","3.4","8.7","9.7","6.1","BYE","8.3","7","11.3","5.9","10.6","","9.4","150.1"
"72","A.J. Brown","WR","PHI","17.9","-","-","-","BYE","17.6","14.9","8.4","3.6","10.9","6.5","16.9","6.6","4.3","17","15.7","9.6","","11.5","149.9"
"73","Jordan Addison","WR","MIN","3.5","-","-","19.9","3.6","BYE","6.6","2.2","11.1","2.9","12.1","22.2","5.4","31.3","6.3","9.5","12.9","","10.7","149.5"
"74","Rachaad White","RB","TB","10.6","2.3","3.5","8.4","6.6","-","23.1","10.7","9.5","13","BYE","10.7","7.8","22.9","12.1","4","3.4","","9.9","148.6"
"75","Ladd McConkey","WR","LAC","9.9","2.6","4.4","12.7","BYE","4.3","4.6","23.1","6.4","5.2","12.3","8.3","11.7","-","11.8","8.7","21.4","","9.8","147.4"
"76","Garrett Wilson","WR","NYJ","6","6.2","9.3","2.1","16.1","16.7","8.1","11.3","21","4.1","1.8","BYE","4.1","11.4","11.6","5.4","10.6","","9.1","145.8"
"77","Jerry Jeudy","WR","CLE","8.5","7.3","4.7","7.2","1.6","3.5","1.8","7.9","7.3","BYE","20.2","8.5","31.5","12.4","10.8","2","9.4","","9","144.6"
"78","Rico Dowdle","RB","CAR","3.2","5.9","5.6","12.1","17.4","5.5","-","-","16.7","5.6","3.4","7.8","18.3","14.1","14.9","5.1","8.8","","9.6","144.4"
"79","Tee Higgins","WR","CIN","-","-","3.9","6","20.3","7.7","14.2","-","-","-","20.8","BYE","12.9","2.3","14.8","11.8","29.1","","13.1","143.8"
"80","Courtland Sutton","WR","DEN","3.8","2.6","6.8","12","3.2","11.3","0","9.1","16.3","13","7.8","21.7","10.2","BYE","9.2","5","11.5","","9","143.5"
"81","Jameis Winston","QB","NYG","-","0.4","0.1","-","0.3","0","8.7","23.6","13.1","-","26.6","14.5","36","17.3","2.6","-","-","","11.9","143.1"
"82","Green Bay Packers","DST","GB","7","11","21","7","13","10","4","5","2","BYE","6","12","8","2","15","17","3","","8.9","143"
"83","Rhamondre Stevenson","RB","NE","18.6","15","0.3","4.2","15.2","-","2.5","20.5","17.4","7.7","8.9","3.3","9.4","BYE","8.5","11.3","0.1","","9.5","142.9"
"84","Daniel Jones","QB","IND","6.9","18.3","19.4","10.5","22.1","12.8","6","7.7","24.4","14.2","-","-","-","BYE","-","-","-","","14.2","142.3"
"85","Davante Adams","WR","LAR","5.9","17","4","-","-","BYE","3","5.4","15.1","3.1","7.2","-","12.6","16.9","33.8","12.8","4.7","","10.9","141.5"
"86","Tyler Bass","K","BUF","10","8","12","6","8","5","10","7","14","13","6","BYE","5","6","15","8","8","","8.8","141"
"87","Brock Bowers","TE","LV","5.8","9.8","4.1","3.1","15.7","7.1","9.3","5.8","10.5","BYE","18.3","3.8","20.2","5.2","3.5","9.9","7.6","","8.7","139.7"
"88","Jayden Reed","WR","GB","29.1","4.6","6.9","20.1","9.7","8.8","1","5.5","11.3","BYE","7.8","2.6","16.7","0","6.1","8.1","0.6","","8.7","138.9"
"89","Brian Robinson Jr.","RB","WAS","14.9","13.6","9.7","17.3","13.8","-","13.1","7.6","-","-","13.2","2.4","16.9","BYE","8.7","0.1","6.9","","10.6","138.2"
"90","Justin Tucker","K","FA","8","13","4","5","13","13","13","7","11","3","6","7","9","-","5","12","9","","8.6","138"
"91","Tyrone Tracy Jr.","RB","NYG","0.7","0.2","4","2.1","13","16.7","3.2","21","6.9","14.4","BYE","5","12.5","14.3","3.5","12.9","7.3","","8.6","137.7"
"92","Pittsburgh Steelers","DST","PIT","12","13","9","2","11","13","8","15","BYE","5","9","7","15","10","7","2","-1","","8.6","137"
"93","Zach Charbonnet","RB","SEA","10.1","12.9","22.7","5.4","3","3.5","0.9","8.4","3.3","BYE","0.5","2.2","10.1","31.3","12.6","1.3","7.6","","8.5","135.8"
"94","Kenneth Walker III","RB","SEA","16.9","-","-","29.6","7.6","12.9","21.3","4.5","10.7","BYE","11.9","9.3","4.6","-","-","5.9","-","","12.3","135.2"
"94","Tyreek Hill","WR","MIA","19","3.6","4","4.2","6.9","BYE","1.3","7.2","8","8.7","12.1","4.8","14.3","18.1","3.6","8.9","10.5","","8.5","135.2"
"96","Daniel Carlson","K","LV","4","18","2","10","5","1","16","10","7","BYE","7","15","5","7","5","8","15","","8.4","135"
"97","Zay Flowers","WR","BAL","5.1","15.1","2.3","1","12","13.4","3","11.5","24.7","3.4","9.9","6.2","7.1","BYE","5.3","10.3","3.1","","8.3","133.4"
"98","Jake Elliott","K","PHI","10","7","1","2","BYE","10","4","15","5","10","8","13","6","2","10","19","11","","8.3","133"
"99","Nico Collins","WR","HOU","11.7","19.5","8.6","21.1","13.8","-","-","-","-","-","5.4","15.2","11.9","BYE","13.7","6","5.9","","12.1","132.8"
"100","Kareem Hunt","RB","KC","-","-","-","8.5","17.7","BYE","20.3","12.3","17.7","10","6","8.7","1.5","2.9","4.9","13.9","8","","10.2","132.4"
"101","Jason Myers","K","SEA","10","12","8","3","10","6","12","4","2","BYE","12","6","11","12","9","7","8","","8.3","132"
"102","DeVonta Smith","WR","PHI","8.4","13.6","7.9","-","BYE","12.4","-0.2","14.5","14.7","1.4","2.9","-","-","9.7","17","5.1","24","","10.1","131.4"
"103","Seattle Seahawks","DST","SEA","9","6","13","1","11","2","16","2","5","BYE","5","20","14","7","1","3","16","","8.2","131"
"104","Buffalo Bills","DST","BUF","5","18","13","-1","5","6","11","9","3","19","6","BYE","12","-4","1","14","13","","8.1","130"
"105","Darnell Mooney","WR","ATL","1.5","14.8","6.6","5.6","22.5","3.8","4.6","14.6","14.8","9.6","2.7","BYE","2","14.2","0","8.2","3.7","","8.1","129.2"
"106","Philadelphia Eagles","DST","PHI","3","1","7","3","BYE","9","15","6","9","20","6","8","4","4","8","7","19","","8.1","129"
"107","Jauan Jennings","WR","SF","6.4","3.7","35.5","8.8","1.3","2.7","-","-","BYE","9.3","15.1","4","5.6","21","3.1","5.1","6.7","","9.2","128.3"
"108","Xavier Worthy","WR","KC","18.8","2.2","3","13.3","8.8","BYE","2.4","9.7","-1","1.1","12.8","5.1","5.4","4.6","13.6","13.5","14.9","","8","128.2"
"109","Houston Texans","DST","HOU","4","15","3","2","2","12","9","10","2","10","19","19","3","BYE","15","1","2","","8","128"
"110","Calvin Ridley","WR","TEN","5","20.7","0.9","1.5","BYE","0.9","4.2","12.6","7.3","20.4","5.8","9.3","4.5","5.9","6","13.8","9.1","","8","127.9"
"111","Puka Nacua","WR","LAR","4.2","-","-","-","-","BYE","-","11.1","1.1","9.8","18.3","11.7","12.3","29.8","10.8","5.6","12.9","","11.6","127.6"
"112","DJ Moore","WR","CHI","5","5.3","7.2","8.2","22.5","2","BYE","3.4","3.3","2.7","6.7","19.9","15.7","4.9","7","7","6.2","","7.9","127"
"113","Trey McBride","TE","ARI","3","12.7","2.5","-","5.3","9.6","5.1","12.4","9.7","7.1","BYE","13.3","9.6","7","8.7","2","18.3","","8.4","126.3"
"114","Los Angeles Chargers","DST","LAC","14","11","5","8","BYE","7","3","12","18","8","3","0","19","4","1","2","10","","7.8","125"
"115","Jonnu Smith","TE","PIT","0.7","5.3","1.8","0","6.1","-","15.6","2","4.6","4.5","22.1","14.7","11.3","10.4","10.8","6.2","8.6","","7.8","124.7"
"116","Dak Prescott","QB","DAL","11.5","14.9","29.9","16.7","18.4","5.2","BYE","15.6","12.3","-","-","-","-","-","-","-","-","","15.6","124.5"
"117","Matt Gay","K","WAS","-","4","3","9","10","8","12","9","10","8","14","6","5","BYE","8","8","9","","8.2","123"
"118","Mark Andrews","TE","BAL","1.4","5.1","0","0","5.5","12.6","16.1","9.6","2.6","12.8","2.2","10.6","12.9","BYE","8.4","9.8","12.8","","7.7","122.4"
"119","Marvin Harrison Jr.","WR","ARI","0.4","25","12.4","10.5","3.6","0","2.1","17.1","1.4","11.4","BYE","4.7","12","4.9","3.2","3.9","9.6","","7.6","122.2"
"120","Will Levis","QB","TEN","8.7","12.5","15.6","0.5","BYE","8.3","-","-","-","19.1","16.6","17.1","16.2","7","-1.4","-","-","","10.9","120.1"
"121","Justin Fields","QB","NYJ","11.9","11.4","19.4","32","15.9","23.7","-","-","-","-","1.7","2.6","0.7","-","0.8","-","-","","12","120.1"
"122","Younghoe Koo","K","ATL","4","10","7","20","17","12","2","7","3","5","9","BYE","8","7","9","-","-","","8.6","120"
"122","Will Reichard","K","MIN","4","11","12","7","16","BYE","15","8","3","-","-","-","-","6","15","12","11","","10","120"
"124","Joshua Karty","K","LAR","9","4","9","15","1","BYE","2","4","8","19","4","2","3","8","13","8","9","","7.4","118"
"125","Los Angeles Rams","DST","LAR","4","-1","3","3","10","BYE","17","6","22","7","9","-3","1","4","12","9","14","","7.3","117"
"125","Detroit Lions","DST","DET","5","8","7","7","BYE","18","6","16","9","8","10","7","6","2","-4","7","5","","7.3","117"
"125","Blake Grupe","K","NO","22","8","6","7","1","10","4","8","12","8","5","BYE","10","2","10","0","4","","7.3","117"
"128","Rashod Bateman","WR","BAL","5.3","4","8.8","2.3","11.8","7.1","18.1","2.8","2.5","11.4","3","10.3","0","BYE","20","7.4","1.2","","7.3","116"
"129","Austin Seibert","K","FA","-","22","9","11","10","15","17","13","9","-","-","9","-","-","-","-","-","","12.8","115"
"130","Cooper Rush","QB","BAL","-0.1","0.2","-","-","-","1","-","-","11","-2","17.4","18","11.8","14.8","19.1","15.3","8.1","","9.5","114.6"
"131","Keenan Allen","WR","FA","2.9","-","-","1.9","3.3","16.1","-","3.9","3.6","4.4","4.1","14.6","19.3","3","14.2","20.1","2.5","","8.1","113.9"
"131","DK Metcalf","WR","PIT","2.9","18.9","16.4","8.4","3.5","4.8","15.9","-","BYE","-","7","5.9","6.6","4.9","2.8","11.7","4.2","","8.1","113.9"
"133","Alec Pierce","WR","IND","18.5","11.6","4.4","0.9","19.4","0","1.5","1.1","4.1","14.1","7.4","3.9","7.6","BYE","0","-","18.2","","7.5","112.7"
"134","Jakobi Meyers","WR","LV","6.4","2.9","14.2","4.9","7.2","-","-","11.2","10.5","BYE","4.8","12.1","9.7","6.7","5.9","4.1","12.1","","8.1","112.7"
"135","Tank Bigsby","RB","JAC","7.3","0","0.9","9","24.9","2.4","23.8","8.6","2.2","0.4","-","BYE","3.5","12.2","4.2","9.1","3.3","","7.5","111.8"
"136","Chad Ryland","K","ARI","-","-","-","-","11","8","5","10","11","7","BYE","6","17","4","14","15","3","","9.3","111"
"136","Cam Little","K","JAC","7","7","5","11","14","4","6","10","1","1","8","BYE","6","4","15","2","10","","6.9","111"
"138","Kansas City Chiefs","DST","KC","4","11","5","6","7","BYE","8","8","2","5","1","2","6","4","21","7","13","","6.9","110"
"138","Jake Moody","K","SF","26","5","6","13","8","-","-","-","BYE","12","5","5","4","8","9","5","4","","8.5","110"
"140","Tucker Kraft","TE","GB","3.7","1.6","2.4","11.3","20.8","1.5","9.3","13.8","3.6","BYE","0","8.6","7.8","10.1","3.4","6.5","5.3","","6.9","109.7"
"141","Sam LaPorta","TE","DET","4.5","1.3","3.6","5.3","BYE","11.2","2.5","10.8","2.8","12.6","-","1.9","12.6","5.4","11.1","10.3","12.4","","7.2","108.3"
"142","Cooper Kupp","WR","SEA","18","3.7","-","-","-","-","-","11.1","10.4","8","22.6","12","1.7","15.2","0","2.4","2.9","","9","108"
"142","Chicago Bears","DST","CHI","24","6","5","8","14","9","BYE","3","7","4","4","4","4","-1","5","0","12","","6.8","108"
"142","Nick Folk","K","NYJ","6","6","2","24","-","6","4","2","8","5","8","18","9","7","3","-","-","","7.7","108"
"145","Khalil Shakir","WR","BUF","10.2","5.6","13.2","6.2","-","1.9","6.5","10.9","5","5.8","7","BYE","3","16.6","9.9","2.2","2.5","","7.1","106.5"
"146","Gardner Minshew II","QB","KC","11.8","13.9","15","5","9.7","BYE","1.4","15","3","-","19","12.7","-","-","-","-","-","","10.6","106.3"
"147","George Pickens","WR","DAL","7.5","2.9","5.7","9.3","2.6","5.3","17.1","7.4","-","15.5","8.9","4.8","13.4","-","-","-","5","","8.1","105.4"
"148","Joey Slye","K","TEN","10","8","4","11","4","3","5","5","7","13","11","1","12","-","7","3","1","","6.6","105"
"149","Baltimore Ravens","DST","BAL","4","7","5","9","1","5","6","3","10","4","7","4","2","BYE","6","14","17","","6.5","104"
"150","Jordan Mason","RB","MIN","21.2","16.4","8.8","22","7.8","8.2","6.9","1.8","-","0.5","1.3","1.3","7.8","-","-","-","-","","8.7","104"
"151","Dallas Cowboys","DST","DAL","17","1","-1","4","6","-1","BYE","1","4","8","2","22","17","4","15","8","-4","","6.4","103"
"152","Deebo Samuel Sr.","WR","WAS","13.7","10","-","7.2","2","17.7","0","8.6","-","7.6","2.1","2.1","0","3.5","1.9","18.1","8.1","","6.8","102.6"
"153","Josh Downs","WR","IND","-","-","2.2","14.2","6.9","12.5","0.3","18.2","6","7.2","14.4","2.7","-","BYE","3.2","12.1","2.2","","7.9","102.1"
"154","Mason Rudolph","QB","PIT","-","-","-","3.4","-","-","10.9","21.5","18.5","-","-","-","-","-","16.8","17.4","13","","14.5","101.5"
"155","Quentin Johnston","WR","LAC","3.8","17.1","10.4","1.3","BYE","2.2","-","-","18","8.4","10.8","0","1.2","10.8","10.5","1.8","4.8","","7.2","101.1"
"156","Tampa Bay Buccaneers","DST","TB","3","5","2","11","4","17","0","3","5","5","BYE","10","3","10","8","1","14","","6.3","101"
"156","Atlanta Falcons","DST","ATL","3","3","2","17","2","5","0","6","3","1","-3","BYE","11","0","20","25","6","","6.3","101"
"156","Cairo Santos","K","CHI","13","11","6","7","6","5","BYE","1","13","3","9","9","2","1","6","5","4","","6.3","101"
"156","Zach Ertz","TE","WAS","2.8","6.2","3.8","4.2","1","6.8","10","7.7","0.5","3.1","12.7","9.8","9.5","BYE","2.5","1.2","19.2","","6.3","101"
"160","Harrison Butker","K","KC","9","10","13","5","14","BYE","4","10","7","10","-","-","-","-","3","10","5","","8.3","100"
"161","Eddy Pineiro","K","FA","5","3","13","7","4","9","1","2","6","10","-","13","12","4","2","6","2","","6.2","99"
"162","Nick Westbrook-Ikhine","WR","MIA","0","0","0","0","-","6.9","7","9.9","11","3.1","17.7","10.8","18.1","1.9","0.9","7.7","3.7","","6.2","98.7"
"163","Travis Kelce","TE","KC","3.4","0.6","3","8.9","7","BYE","1.7","15","8","12.4","0.8","6.2","6.8","4.5","2.7","3","14.4","","6.2","98.4"
"164","Alexander Mattison","RB","MIA","12.2","6.1","10.4","6","8.1","12.5","12.3","4.4","3.6","-","6.9","-","-","-","0.4","11.6","3.8","","7.6","98.3"
"165","Javonte Williams","RB","DAL","2.3","6.5","2.1","8","11.1","1.6","23.1","5.2","8.4","0.7","14.7","0.4","6.4","-","2.3","5.3","0","","6.1","98.1"
"166","Jerome Ford","RB","CLE","12.9","6.4","7","8.5","4.9","1.4","-","-","0.7","BYE","3.9","2.7","6.2","4.7","16.4","19.1","2.2","","6.9","97"
"166","Cincinnati Bengals","DST","CIN","2","9","-2","2","1","8","15","-4","10","-4","3","BYE","8","8","19","18","4","","6.1","97"
"168","New Orleans Saints","DST","NO","14","8","11","4","4","9","2","5","3","8","4","BYE","2","10","9","-1","3","","5.9","95"
"169","Austin Ekeler","RB","WAS","6.2","8.5","11.7","-","9.7","6.8","2","5.8","14.3","17.1","9.6","2.4","-","BYE","-","-","-","","8.6","94.1"
"170","Evan McPherson","K","CIN","6","16","9","13","4","5","3","5","12","4","9","BYE","8","-","-","-","-","","7.8","94"
"171","Jalen Tolbert","WR","DAL","1.2","8.2","10.2","2.4","14.7","4.3","BYE","4.4","7.9","1.4","2.1","8.2","4.1","0","7.1","8","9","","5.8","93.2"
"172","Arizona Cardinals","DST","ARI","9","11","5","-2","9","1","8","3","12","12","BYE","11","7","-1","5","-1","4","","5.8","93"
"173","Joe Flacco","QB","CLE","-","-","-","15","26.6","14.7","-","0","4.1","13.9","-","-","-","-","-","-","17.3","","13.1","91.5"
"174","DeAndre Hopkins","WR","BAL","0.8","0.9","13.3","3.1","-","5.4","-0.2","2.9","20.6","5.6","2.9","9.5","9","9.2","3.6","3.7","0.7","","5.7","91"
"175","Mac Jones","QB","SF","-","-","-1.1","-","-","0.2","-","-","BYE","7.2","5.2","-","20","7.1","20.7","13.9","17.2","","10","90.4"
"176","Michael Pittman Jr.","WR","IND","3.1","2.1","3.6","11.3","9.7","9.5","6.3","1.6","1.4","-","4.6","9.6","4.2","BYE","3.8","1.9","16.9","","6","89.6"
"177","Rome Odunze","WR","CHI","1.1","3.3","17.4","1","4","4","BYE","5.4","10.4","2.3","6.5","3.9","2.5","16.2","3.9","5.7","1.5","","5.6","89.1"
"178","Tank Dell","WR","HOU","5.9","1.3","6.2","-","3.3","11.7","0","9.5","12.6","3.3","5.8","7.2","2.3","BYE","4.1","15.8","-","","6.4","89"
"179","Pat Freiermuth","TE","PIT","2.7","3.9","3.3","11.7","6.2","1.6","5.1","1.9","BYE","7.7","1.4","5.9","12.8","10.8","8.2","1.6","4","","5.6","88.8"
"180","San Francisco 49ers","DST","SF","6","8","3","22","11","7","5","6","BYE","3","7","-2","-4","13","4","-1","0","","5.5","88"
"180","New York Giants","DST","NYG","5","5","13","2","18","7","4","6","0","4","BYE","1","0","7","1","2","13","","5.5","88"
"182","Chris Godwin","WR","TB","14.3","17.7","11.3","6.9","6.6","24.5","6.5","-","-","-","BYE","-","-","-","-","-","-","","12.5","87.8"
"183","Adam Thielen","WR","CAR","4.9","2","10","-","-","-","-","-","-","-","BYE","5.7","15.9","10.2","5.1","10.3","23","","9.7","87.1"
"184","Washington Commanders","DST","WAS","-3","4","1","7","13","3","16","6","4","6","2","4","7","BYE","6","7","4","","5.4","87"
"184","Indianapolis Colts","DST","IND","5","3","11","8","0","3","10","4","16","6","3","3","6","BYE","7","6","-4","","5.4","87"
"184","Brandon McManus","K","GB","-","-","-","-","-","-","7","12","6","BYE","2","10","13","7","12","13","5","","8.7","87"
"187","Ray Davis","RB","BUF","2.7","2.8","8.3","1.1","0.4","15.2","10.7","2.9","15","0.6","1.1","BYE","12.7","0","8.9","2.9","1.3","","5.4","86.6"
"188","Jaylen Waddle","WR","MIA","11.2","4.5","2.6","3.6","4.6","BYE","1.1","4.5","5.6","5.6","3.7","20.4","7.3","11.9","0","-","0","","5.8","86.6"
"189","Tyler Allgeier","RB","ATL","2.1","6.5","3.2","8","2.5","18.8","4.5","3.3","7.8","5.9","-0.1","BYE","2.2","12.3","4.3","3.1","1.9","","5.4","86.3"
"190","Romeo Doubs","WR","GB","5","6.2","1.8","3.9","-","16.9","9.4","7.2","2.8","BYE","1.7","5.4","-","-","16","2","7.8","","6.6","86.1"
"191","Wan'Dale Robinson","WR","NYG","5.8","7.8","6.1","7.1","10","5","2.3","3","1","5.1","BYE","4.7","0.6","3.8","3.8","6.2","13.1","","5.3","85.4"
"192","Demarcus Robinson","WR","SF","4.2","5","3.2","3.7","8.8","-","0.9","15.5","21.4","2.3","1.9","7.5","10.9","0","0","0","0","","5.3","85.3"
"193","Travis Etienne Jr.","RB","JAC","9.9","11.8","8.5","6","6","-0.1","-","-","3","4.3","3.3","BYE","5.8","7","8.5","3.7","7.5","","6.1","85.2"
"193","Ameer Abdullah","RB","SF","0","0.2","1.3","0","11.1","1.8","0","1.1","2.6","-","7.7","12.5","5.3","-0.2","12.6","14.5","14.7","","5.3","85.2"
"195","Justice Hill","RB","BAL","5.5","3.2","5.4","15.6","2.5","0.4","10.8","1.9","5.8","-0.2","4.1","12.2","2.1","BYE","12.8","3","-","","5.7","85.1"
"196","Calvin Austin III","WR","PIT","0.7","0.6","15.5","1.7","0.6","3.6","3.6","17.4","BYE","2","-0.1","13.8","8.9","0.4","6.5","6.5","3.1","","5.3","84.8"
"197","David Njoku","TE","CLE","4.4","-","-","-","1.4","3.1","13.6","12.1","2.9","BYE","10.1","2.9","17.2","10.2","-","6.6","-","","7.7","84.5"
"198","Jalen McMillan","WR","TB","9.2","2.1","0.6","-","-","0","2.6","5.2","-","-","BYE","1.1","2.5","17.9","13.5","11.7","18","","7","84.4"
"199","Jaylen Warren","RB","PIT","2","6.1","0.1","-","-","1.8","5.9","5.9","BYE","7.5","6.8","12.4","6.4","7.2","1.5","9.2","11.2","","6","84"
"200","Tyjae Spears","RB","TEN","3.2","3.1","6.1","9.9","BYE","2.7","-","-","-","5.1","0.8","-","0.3","2.3","21.2","18.6","10.3","","7","83.6"
"201","Kyle Pitts Sr.","TE","ATL","8.6","2","5.9","0","8.8","7","6.5","21.1","1.1","5.5","0.9","BYE","0","1.4","2.8","0.7","10.4","","5.2","82.7"
"201","Andrei Iosivas","WR","CIN","2.6","12.7","11.2","2.9","3.9","3.6","0","0","7","2.9","4.6","BYE","9.5","4.1","0.5","11.3","5.9","","5.2","82.7"
"203","Cleveland Browns","DST","CLE","2","10","6","11","6","10","3","3","6","BYE","1","7","3","3","0","6","5","","5.1","82"
"203","New York Jets","DST","NYJ","2","11","16","6","9","2","-3","2","14","0","3","BYE","16","-1","6","3","-4","","5.1","82"
"205","Cade Otton","TE","TB","0.5","-0.4","2.7","5.2","4.4","7.5","10","20.1","13.7","3.5","BYE","3","2","7","2.4","-","-","","5.8","81.6"
"206","Aidan O'Connell","QB","LV","-","-","7.3","-","2.8","12.1","2.1","-","-","BYE","-","-","19.6","7.8","-","11.5","17.6","","10.1","80.6"
"207","Taysom Hill","TE","NO","3.6","1.9","-","14.4","-","-","-","4.2","12","5","34.5","BYE","4.7","-","-","-","-","","10","80.3"
"208","Dustin Hopkins","K","CLE","7","13","1","6","9","12","0","12","4","BYE","0","4","7","2","-","0","3","","5.3","80"
"208","Miami Dolphins","DST","MIA","6","0","7","2","6","BYE","3","0","2","9","6","12","-1","3","7","6","12","","5","80"
"210","Tre Tucker","WR","LV","2.2","1.3","15.6","10.4","2.6","0","4.7","3.3","0.5","BYE","3.5","8.2","12.9","0.7","1.8","3.3","8.9","","5","79.9"
"211","Deshaun Watson","QB","CLE","12.7","15.4","16.4","13.2","8.4","8.4","5.1","-","-","BYE","-","-","-","-","-","-","-","","11.4","79.7"
"212","Hunter Henry","TE","NE","1.8","10.9","0.9","1.2","3.2","10.1","9.2","4.5","5.6","1.4","6.3","4.4","7.5","BYE","2.5","9.9","0","","5","79.4"
"213","Isaac Guerendo","RB","SF","0","0","1.9","-2","2.2","9.9","0.7","16.2","BYE","0","0","0","7.6","24.8","7.5","-","9.9","","5.2","78.7"
"214","Amari Cooper","WR","FA","1.6","1.1","20.6","3.5","6","4.2","12.6","0.3","-","-","5.5","-","1.2","9.5","0","1","11.6","","5.6","78.7"
"215","Keon Coleman","WR","BUF","5.1","0","8.4","5.1","10.9","2.6","12.5","13","4.1","-","-","BYE","-","-","6.4","1.7","8.7","","6.5","78.5"
"216","DeMario Douglas","WR","NE","1.2","0","7.8","1.3","5.9","15.2","1.4","1.2","3.5","5","5.9","6.3","2","BYE","7.1","3.9","10.6","","4.9","78.3"
"217","Isaiah Likely","TE","BAL","17.1","2.6","0.4","2.6","13.3","2.7","1.7","4.7","0","-","5.5","0","9.8","BYE","1.7","8.9","6.9","","5.2","77.9"
"218","Michael Wilson","WR","ARI","6.5","3.1","6.4","1.8","7.8","8.1","1.5","9.1","0","2.4","BYE","5.4","5.5","11.7","0.9","4.4","2.9","","4.8","77.5"
"219","Drew Lock","QB","SEA","-","-","-","-","-","-","1.5","-","-","BYE","-","0.1","15.8","16","-","8.5","34.4","","12.7","76.3"
"219","Christian Watson","WR","GB","7.3","0","6.7","0","-","12.8","0.5","3.9","5.7","BYE","15","0.4","6.7","9.4","5.6","2.3","-","","5.5","76.3"
"221","Allen Lazard","WR","NYJ","20.9","1.1","10.8","5.8","9.4","17.4","5.8","-","-","-","-","BYE","-","1.8","0","2","0.9","","6.9","75.9"
"222","Stefon Diggs","WR","NE","15.9","3.7","9.9","13.5","8.2","13.7","2.3","7.7","-","-","-","-","-","BYE","-","-","-","","9.4","74.9"
"223","Antonio Gibson","RB","NE","1.8","10.3","3.7","7.9","5.6","4.3","1.3","0.7","1.1","2.6","2","4.5","12.2","BYE","6.4","3.6","6.3","","4.6","74.3"
"224","Devin Singletary","RB","NYG","5.2","13.5","14.8","3.8","-","0","2.1","2.3","3.3","4.5","BYE","7","2.3","0.8","10.1","1.2","3","","4.9","73.9"
"225","Noah Gray","TE","KC","3.7","0","1.3","4","2.9","BYE","6.6","2.3","0","1.8","14.3","18.6","5.8","2.6","8.1","1","0.6","","4.6","73.6"
"226","Marvin Mims Jr.","WR","DEN","0","1","0.9","0","2.4","0","1.8","0.8","0.4","3","11.3","4.2","16.9","BYE","2","6.5","22.2","","4.6","73.4"
"227","Cole Kmet","TE","CHI","0.4","2.7","15.7","3.4","5.7","19","BYE","3.4","0","1.3","4.2","6.4","2.6","0","1.4","6.9","0","","4.6","73.1"
"228","Xavier Legette","WR","CAR","3.5","0","4.2","13.6","0.8","8.3","0.9","9.4","9.9","4","BYE","5.6","5.3","3.9","0.9","-","2.8","","4.9","73.1"
"229","Ty Johnson","RB","BUF","0.7","3.2","10.6","6.3","1.5","3.4","6.4","0","2.3","3.2","1.8","BYE","3.7","11.5","12.3","3","2.5","","4.5","72.4"
"230","Cam Akers","RB","NO","-","1.5","8.9","5.3","10.7","-0.1","0","-","5.3","4.7","9.6","2.5","2.2","3.7","8.4","0.3","9.3","","4.8","72.3"
"231","Emanuel Wilson","RB","GB","4.8","0.9","14.5","2.7","1.5","7.3","1.1","0.3","8.9","BYE","1.7","4.1","2","0.7","0.9","11.6","8.9","","4.5","71.9"
"231","Ray-Ray McCloud III","WR","ATL","5.2","4.5","3.7","5.2","6.6","1.3","0.9","2.6","9.5","3.6","4.6","BYE","9.3","8.1","1.4","2.7","2.7","","4.5","71.9"
"233","Las Vegas Raiders","DST","LV","1","4","-2","9","2","2","4","3","5","BYE","1","0","6","9","9","6","12","","4.4","71"
"233","Darius Slayton","WR","NYG","2.6","3.3","0.7","5.6","18.2","5.7","1.1","10.8","6","-","BYE","0","0.8","2.7","1.6","2.7","9.2","","4.7","71"
"235","Jalen Nailor","WR","MIN","8.1","11.4","9.4","1.1","0","BYE","7.6","1.6","6.7","0.4","0","6.5","1.8","0","0.5","0.5","14.1","","4.4","69.7"
"236","Mike Gesicki","TE","CIN","1.8","9.1","4.7","-0.9","3.1","0","0.2","5.3","22","3","0","BYE","5.3","2.4","3.7","1.4","8.6","","4.4","69.7"
"237","Tyler Lockett","WR","TEN","7.7","1.5","4.6","6.1","7.5","12.5","4.5","0.9","12.3","-","1.9","2","1.6","0","2.2","1.9","2","","4.3","69.2"
"238","Joshua Palmer","WR","BUF","1.5","1.9","-","3.6","-","3.8","6.3","7.2","12.3","3.6","2.3","3.8","3.1","7.8","1","6.1","4.1","","4.6","68.4"
"239","Jaleel McLaughlin","RB","DEN","0.8","0.6","7.4","4.6","8.5","2.5","3.5","11.6","2","1.2","1.9","4.4","8.4","BYE","3.4","-","7.6","","4.6","68.4"
"240","Foster Moreau","TE","NO","10.3","0","0.2","0","7.3","5.4","3.8","0","7.7","0","5","BYE","0.6","4","9.9","3.3","10.7","","4.3","68.2"
"241","Jacksonville Jaguars","DST","JAC","4","3","-2","4","5","3","9","2","10","11","-4","BYE","2","9","0","3","9","","4.3","68"
"241","Tennessee Titans","DST","TEN","8","2","3","10","BYE","3","0","0","11","0","4","10","0","9","6","-1","3","","4.3","68"
"243","KaVontae Turpin","WR","DAL","6","0.6","11.2","0","4.4","1","BYE","2.7","3.6","0","14.6","6.8","5.5","3.1","2.7","1.8","3.4","","4.2","67.4"
"244","Dontayvion Wicks","WR","GB","0","8.6","0","19.8","2","0.9","10.8","1.1","0","BYE","0","2.5","3","4.9","1.4","7.3","4.3","","4.2","66.6"
"245","Mack Hollins","WR","NE","8.5","0","1.6","0.5","2.7","6.8","0","0","9","8.6","2.7","-","6.7","11.7","0.7","2.5","3.3","","4.1","65.3"
"246","Andy Dalton","QB","CAR","0","-","24.6","16.7","4.7","16.9","2","-","-","-","BYE","-","-","-","-","-","-","","10.8","65"
"247","Juwan Johnson","TE","NO","8.6","0","0","1.3","3.1","4.8","1.8","4.8","4.1","2.2","9","BYE","3.6","11","1.2","2.7","6.6","","4.1","64.8"
"248","Braelon Allen","RB","NYJ","1.7","17.6","6.8","4.6","2.8","0.8","0.6","9.2","0.9","3.4","0.6","BYE","2.7","8.1","0.5","1","2.6","","4","63.9"
"249","Tyler Conklin","TE","LAC","0.6","1","9.3","1.7","5.5","1","6.7","10.2","-0.3","0.8","0.7","-","3.2","3.3","-","5.9","13.7","","4.2","63.3"
"250","Dalton Schultz","TE","HOU","1.6","2.1","1.1","3.4","3.4","2.7","2.8","5.2","2.1","6.6","3.3","2","12.1","BYE","1.3","10.5","2.1","","3.9","62.3"
"250","Olamide Zaccheaus","WR","CHI","1.5","1.4","0","8.5","1","2.7","2.5","0","4.8","-1.2","1","0.8","1.4","-","3.6","19","15.3","","3.9","62.3"
"252","Marquez Valdes-Scantling","WR","SEA","1.9","0","0.7","0","0","0","-","-","0.5","22.9","14.7","-","9.6","5.1","6.8","-","0","","4.8","62.2"
"253","New England Patriots","DST","NE","11","3","2","5","10","0","-1","1","4","16","-1","9","4","BYE","-1","4","-4","","3.9","62"
"253","Anders Carlson","K","FA","-","-","-","-","-","-","8","16","-","-","11","-","1","16","7","3","-","","8.9","62"
"255","Chig Okonkwo","TE","TEN","7.5","1.6","1.5","0.5","BYE","0.6","5","-0.6","3.8","1.4","1.9","13","2.7","0.8","5.9","10.1","5.9","","3.9","61.6"
"256","Kayshon Boutte","WR","NE","-","-","0.2","1.1","3.4","11.9","3.3","4.6","1.8","4.7","3.3","0.6","6.1","BYE","1.9","15.5","2.8","","4.4","61.2"
"257","Gus Edwards","RB","FA","2.8","5.9","0.9","1.9","-","-","-","-","-","5.5","2.7","7.1","3.3","9.6","2.3","19.1","-","","5.6","61.1"
"258","Austin Hooper","TE","NE","3.1","0.5","1.9","7.3","0.9","-1.5","3.2","1.5","0.8","6.4","3.5","11.9","10.2","BYE","3.8","5.5","1.9","","3.8","60.9"
"259","Greg Joseph","K","SF","-","-","3","19","11","1","3","14","BYE","-","-","-","-","-","9","-","-","","8.6","60"
"260","Rashid Shaheed","WR","NO","13.3","16.9","0","7.7","14.6","7.3","-","-","-","-","-","BYE","-","-","-","-","-","","10","59.8"
"261","Roschon Johnson","RB","CHI","-","-","6.2","8.6","14.5","3.3","BYE","6.6","2.1","0.1","10.1","7.2","0","-","-","0.3","0.5","","5","59.5"
"262","Brayden Narveson","K","FA","11","12","13","3","7","11","-","-","-","-","-","-","-","-","-","2","-","","8.4","59"
"263","Zack Moss","RB","FA","12.1","4.7","15.7","13.8","5.2","-0.5","4","3.9","-","-","0","-","-","-","-","-","-","","6.5","58.9"
"264","Nick Chubb","RB","HOU","-","-","-","-","-","-","9.2","5.2","3.5","-","5","18","10.5","4.8","2.1","-","-","","7.3","58.3"
"265","Sean Tucker","RB","TB","0","0","0.4","1.7","0","31.2","3.8","1.5","1.7","0","BYE","7","0","4.7","1.7","0","4.4","","3.6","58.1"
"266","Tim Patrick","WR","DET","-","1.2","0.8","5.2","BYE","6.8","2.5","0","1.2","0","2.6","5.5","4.8","16.3","9","0","2","","3.9","57.9"
"267","Spencer Rattler","QB","NO","-","-","-","-","-","14.4","6.3","6.2","-","-","-","BYE","-","-","9.4","5.9","15.3","","9.6","57.6"
"268","Parker Washington","WR","JAC","0.3","0","1.8","0","0","0","6","4.6","4.1","0","1","BYE","18.3","1.5","5.4","5.4","9.1","","3.6","57.5"
"269","Dalton Kincaid","TE","BUF","1.1","3.3","10.1","4.7","3.4","5.1","5.2","9.1","3.2","2.4","-","BYE","-","-","5.3","1.5","2.4","","4.4","56.8"
"270","Elijah Moore","WR","BUF","0.9","4.4","1.7","1.1","1.1","0.3","4.1","8.5","2.8","-","12.6","2.1","11.2","3.4","-0.1","2.1","0.1","","3.5","56.3"
"271","Dallas Goedert","TE","PHI","3.1","3.8","17","6.2","BYE","0","-","-","-","8.5","6.1","1.9","9.5","-","-","-","-","","6.2","56.1"
"272","Diontae Johnson","WR","CLE","1.9","1.5","18.2","14.3","2.9","13.8","1.7","-","0","0.6","0","0","-","-","-","-","-","","5","54.9"
"273","Jeremy McNichols","RB","WAS","0","0","0.1","19.4","10.4","0.9","4.2","-0.1","2","6.7","0.6","2.2","3.2","BYE","0.4","3.8","1","","3.4","54.8"
"274","Devaughn Vele","WR","DEN","3.9","-","-","-","-","7.8","2","2.8","1.1","9.9","6.6","8","1.6","BYE","0","8.1","2.7","","4.5","54.5"
"275","Jalen Coker","WR","CAR","-","-","-","0","6.8","3","1","13.8","3.6","4.1","BYE","-","-","-","17","0.8","3.5","","5.4","53.6"
"276","Tutu Atwell","WR","LAR","0","4.8","9.3","8.2","6.5","BYE","5.1","1.8","1.6","0.6","2.1","3","3.9","4.5","0.6","1.2","0","","3.3","53.2"
"277","Tyler Huntley","QB","FA","-","-","-","11.8","7.5","-","9.5","-","-","-","-","-","-","-","-","-","24.2","","13.2","53"
"278","Samaje Perine","RB","CIN","1","0.3","4","7.4","2.4","-","2.8","3","9.5","3.7","0.8","2.4","1.5","1.9","3.4","5","2.9","","3.3","52"
"279","Raheem Mostert","RB","LV","1.9","-","-","-","9.8","-","3","15","6.8","3.4","-0.2","0.2","3.4","-","2.1","4.6","1.9","","4.3","51.9"
"280","Cedric Tillman","WR","CLE","0.3","0.2","0.4","0","0","-0.5","10.1","21.9","13.5","BYE","4.7","0.8","-","-","-","-","-","","4.7","51.4"
"281","Noah Brown","WR","WAS","-","5.6","2.9","2.6","-","5.8","1.6","13.3","6","3.3","0.4","7.1","2.7","BYE","-","-","-","","4.7","51.3"
"282","Matthew Wright","K","CAR","-","-","-","-","-","13","-","-","-","-","BYE","-","14","16","-","-","7","","12.5","50"
"283","Will Dissly","TE","LAC","1.3","2.9","1.9","2.4","BYE","2.6","8.1","4.1","0.9","3","14","4.7","0","1.9","-","-","2.1","","3.6","49.9"
"284","Ricky Pearsall","WR","SF","-","-","-","-","-","-","2.1","7.7","BYE","13.3","0","0","0","0.5","1.6","3.7","20.7","","5","49.6"
"285","Malik Willis","QB","GB","0","13","25.4","-","-","-","-","8.5","-","BYE","-","0","-","-","-","1.2","-","","8","48.1"
"286","Sterling Shepard","WR","TB","-","-","0","5.1","6.4","5.4","3.5","1.8","6.9","1","BYE","1.6","4.2","6.3","1.6","3.4","-","","3.6","47.2"
"287","Jacoby Brissett","QB","ARI","8","10.6","3.9","8","7.4","-","-","8.4","-","-","BYE","-","0","-","-","-","-0.1","","5.8","46.2"
"287","David Moore","WR","CAR","1.4","0","0","0","1.3","1.7","0","3.9","2","1.8","BYE","14.1","4","2.5","1.9","9.9","1.7","","2.9","46.2"
"289","Parker Romo","K","NE","-","-","-","-","-","-","-","-","-","13","6","13","14","BYE","-","-","-","","11.5","46"
"290","Ezekiel Elliott","RB","FA","10.9","3.2","1.2","2.4","1.7","1.7","-","9.8","-","0.2","2.4","0.6","0.4","0.6","4.1","6.1","0.2","","3","45.5"
"291","Brenton Strange","TE","JAC","0","6.5","7.2","1.9","8.4","1.1","0","5.9","0","2.5","0.6","BYE","1.4","2.1","7.3","0.2","0","","2.8","45.1"
"292","Isiah Pacheco","RB","KC","13.8","11.1","-","-","-","BYE","-","-","-","-","-","-","4.9","6.1","4.7","2.5","1.8","","6.4","44.9"
"293","Chris Olave","WR","NO","1.1","8.8","14.6","8.7","1","-1.5","-","10.7","1.3","-","-","BYE","-","-","-","-","-","","5.6","44.7"
"294","T.J. Hockenson","TE","MIN","-","-","-","-","-","BYE","-","-","2.7","7.2","1.3","11.4","2.8","4.5","5.2","2.7","6.8","","5","44.6"
"295","Kenneth Gainwell","RB","PIT","1.2","0.6","1.2","0.9","-","2.3","6.7","1.9","1","3.9","4.9","8.2","0","3.3","6","1.3","0.9","","2.8","44.3"
"296","Jake Ferguson","TE","DAL","1.5","-","9.5","4.9","7","1.1","BYE","2.3","7.1","0.4","1.1","-","-","3.2","2.3","4","-0.2","","3.4","44.2"
"297","Christian Kirk","WR","HOU","3","-0.1","7.9","12.1","8.8","3.9","2.4","5.9","-","-","-","-","-","BYE","-","-","-","","5.5","43.9"
"298","Noah Fant","TE","CIN","1.1","1.4","6","2.6","2.4","6.3","6.5","2.2","-","-","-","BYE","2.6","1.8","1.5","5","4.3","","3.4","43.7"
"299","Brandin Cooks","WR","NO","10.5","1.6","1.6","1.6","-","-","-","-","-","-","-","BYE","7.6","6.3","3.4","4.8","5.2","","4.7","42.6"
"300","Evan Engram","TE","DEN","0.5","-","-","-","-","8.2","3.5","9.6","6.5","4","2.8","-","4.1","3.3","-","-","-","","4.7","42.5"
"301","Josh Oliver","TE","MIN","2.7","0","0","7","0","BYE","0.5","9","11.8","5.2","3.4","-","-","2.6","0","0","0","","3","42.2"
"302","Carolina Panthers","DST","CAR","-1","5","5","1","-3","-2","0","5","1","9","BYE","4","8","4","2","6","-2","","2.6","42"
"303","Greg Zuerlein","K","FA","1","6","6","10","5","8","1","4","-","-","-","-","-","-","-","-","-","","5.1","41"
"303","Graham Gano","K","NYG","8","0","0","-","-","-","-","-","-","6","BYE","1","10","4","2","1","9","","4.1","41"
"305","Trey Benson","RB","ARI","1.8","1.7","0.8","5","-","2.6","0","1","11.5","8.7","BYE","1.8","2","1.9","2.2","-","-","","3.2","41"
"306","Rashee Rice","WR","KC","10.3","13.5","17.1","0","-","BYE","-","-","-","-","-","-","-","-","-","-","-","","10.2","40.9"
"307","Justin Watson","WR","HOU","2.5","2.2","1.3","2.7","0","-","0.8","3.3","4.3","0.6","2.6","1.5","6.6","0","0","0","12","","2.5","40.4"
"308","Tyler Boyd","WR","FA","1.8","2.6","3.3","3.1","-","1.9","4.3","1.4","0.3","0","3.4","5.5","3.7","0.7","3.9","2","1.4","","2.5","39.3"
"309","Theo Johnson","TE","NYG","1.8","0","1.3","0.6","4.8","3","0","3.5","11.1","3.7","BYE","3.9","5.4","-","-","-","-","","3.3","39.1"
"309","AJ Barner","TE","SEA","0","0","1.3","8.7","1.3","1.3","0.5","3.4","2.7","BYE","1.5","1.9","7.4","1.3","0.5","7.3","0","","2.4","39.1"
"311","Jordan Akins","TE","FA","2.7","1","2.9","1","8.2","0","4.2","0","3.2","-","1.9","3.8","0","1.4","3","0.8","4.9","","2.4","39"
"312","Emari Demercado","RB","ARI","2.6","4.6","0.7","2.4","0","6.4","1.4","0","14","2.2","BYE","1.4","1.5","1.5","-","-","-","","3","38.7"
"313","Kalif Raymond","WR","DET","1.2","2.7","0","0.9","BYE","7.3","9.9","13.4","0","0","3","0","-","-","-","-","-","","3.5","38.4"
"314","Troy Franklin","WR","DEN","-","0","1.1","-0.2","2","9.6","5","0.9","1.9","0.9","7.5","3.1","2.8","BYE","0.9","2.5","-0.1","","2.5","37.9"
"315","Van Jefferson","WR","TEN","0.1","1.4","0","2.1","2.6","0","7.5","6.2","-","0","0","3.9","4.3","7","0","2.7","0","","2.4","37.8"
"316","Brandon Aiyuk","WR","SF","2.8","4.3","4.8","4.8","14.7","3.7","2.3","-","BYE","-","-","-","-","-","-","-","-","","5.3","37.4"
"317","Trey Sermon","RB","PIT","0","0.7","7.6","0.8","12.3","2.9","4.9","1.4","1.3","0.4","0.3","0","0","-","1.2","2.5","1","","2.3","37.3"
"318","Dawson Knox","TE","BUF","2.3","0","0.7","0","0","7.2","0.5","5","0.5","4","4","BYE","5.6","0.5","4.2","2.2","0.4","","2.3","37.1"
"319","Ja'Tavion Sanders","TE","CAR","0.4","0.8","0","1.6","1.3","4.9","6.1","0.7","8.7","6.8","BYE","4.9","-","0","0","0","0.5","","2.4","36.7"
"320","Kendrick Bourne","WR","NE","-","-","-","-","0.6","0.9","1.4","0","4.1","-","13","3","4.5","BYE","4.4","1.8","2.2","","3.3","35.9"
"321","Greg Dortch","WR","ARI","5.1","1.1","3.5","3.8","0.7","1.6","6.5","0.9","0","-0.1","BYE","0.5","0.7","0.5","6.6","2.7","1.8","","2.2","35.9"
"322","Nelson Agholor","WR","FA","0.6","1.3","5.6","1","0.4","2.5","2","9.6","2.9","6.6","0","0","0","-","2.6","-","-","","2.5","35.1"
"323","Dyami Brown","WR","JAC","0","1.7","1.6","0.4","11.7","1.1","2.3","0.6","2.4","-1.3","0.4","3.6","3.9","-","3","3.6","-","","2.3","35"
"324","Grant Calcaterra","TE","PHI","1.1","1.9","0","2.6","BYE","6.7","0.5","5.8","3","0","0","0","0","7.6","2.2","0","3.4","","2.2","34.8"
"324","Colby Parkinson","TE","LAR","4.7","1.2","2.1","3.3","5.2","BYE","3.2","1.7","0","0","7.9","1","1.3","1.1","2.1","0","0","","2.2","34.8"
"326","JuJu Smith-Schuster","WR","KC","0","0","7.7","0","13","BYE","0","-","-","-","0.8","0.6","1","3.1","6.7","0","1.8","","2.7","34.7"
"326","Dare Ogunbowale","RB","HOU","0.3","2.3","2.8","11.4","8.7","0.8","0.6","0.4","-0.1","1.1","1.1","0","0","BYE","3.5","0","1.8","","2.2","34.7"
"328","Audric Estime","RB","DEN","1.4","-","-","-","-","1.3","0.9","0.4","3.5","5.3","2.5","1.5","1.2","BYE","1.8","10.8","3.7","","2.9","34.3"
"329","Gabe Davis","WR","FA","6.2","4.3","1.8","-0.2","1.8","16.5","1.3","0","-","1.9","0.3","-","-","-","-","-","-","","3.4","33.9"
"330","Mike Williams","WR","FA","0","1.9","3.4","6.7","2.5","0","1.5","0","0.6","9.2","0","0","0","3.6","1.5","2.4","0","","2","33.3"
"331","Matt Prater","K","FA","8","14","9","2","-","-","-","-","-","-","-","-","-","-","-","-","-","","8.3","33"
"332","Tyler Goodson","RB","IND","-","0.2","0","0","5.7","6.5","11.1","0","0","6.9","0","0","0","BYE","0.3","2.2","0","","2.2","32.9"
"333","Christian McCaffrey","RB","SF","-","-","-","-","-","-","-","-","BYE","10.7","10.6","4.8","6.7","-","-","-","-","","8.2","32.8"
"333","Isaiah Davis","RB","NYJ","-","-","0.6","-","0","0","1.2","0","0","1","0","BYE","9.2","12.7","2.6","1.2","4.3","","2.5","32.8"
"335","Cade York","K","FA","2","-","-","-","-","-","-","-","-","-","-","-","-","9","7","8","6","","6.4","32"
"335","Zane Gonzalez","K","FA","-","-","-","-","-","-","-","-","-","11","5","-","6","-","-","4","6","","6.4","32"
"337","DJ Turner","WR","FA","0.9","0.2","0","7.8","1.7","3.7","1.7","9.2","0","-","2.9","0.5","2.5","-","-","-","0","","2.4","31.1"
"338","Adam Trautman","TE","DEN","0","0","1.3","0","1.9","0","0","14.5","0.4","3.4","0","0.3","0","BYE","8","0.5","0.5","","1.9","30.8"
"339","Adonai Mitchell","WR","IND","0.2","3","0","1","5.2","0.9","3","0.9","2.2","7.1","3.5","1","0","BYE","-3","3.6","2.2","","1.9","30.8"
"340","Lil'Jordan Humphrey","WR","NYG","0","5","3.7","0","4.8","0.8","1.2","0.2","1.1","2.3","11.2","0.4","0","-","0","0","0","","1.9","30.7"
"341","Chris Rodriguez Jr.","RB","WAS","0","-","-","-","-","-","-","-","5.2","0.4","-","-","15.4","BYE","0.2","0.5","8.8","","4.4","30.5"
"342","Miles Sanders","RB","DAL","2.2","2.5","9","4.6","3.3","1.3","2.8","4.5","-1","0.5","-","-","-","-","-","-","-","","3","29.7"
"343","Elijah Higgins","TE","ARI","1.2","7.8","1.1","1.2","6.2","0","0.1","1.3","3.4","1.3","BYE","0.5","2.3","0","0.5","0","2.3","","1.8","29.2"
"344","John Metchie III","WR","HOU","-","-","-","0.7","0","0","0","2.9","0","13.4","3.3","0.6","1.6","BYE","1.7","-","4.8","","2.4","29"
"345","Nick Vannett","TE","FA","1.1","0","6.9","0","-","0","2.5","0","9.3","0","0.6","0","0.6","0.4","0.7","0","6.8","","1.8","28.9"
"346","Luke Schoonmaker","TE","DAL","0","4.3","0.5","0","0.8","0","BYE","0","0","0","5.6","11.5","3.3","2.2","0","0.3","0","","1.8","28.5"
"347","Josh Whyle","TE","TEN","0","1.3","4.3","0.5","BYE","0.2","3.4","3.3","1.2","0","0.6","0","0.3","3.1","9.7","0","0","","1.7","27.9"
"348","Cedrick Wilson Jr.","WR","NO","-2","0","0.3","0","0","2.8","11.7","-","3.4","-","0","BYE","1.9","1.8","4.8","1.3","1.7","","2","27.7"
"349","Kyle Juszczyk","RB","SF","4","1.9","0.6","1.2","0","7.6","1.4","0.7","BYE","0","1.2","1.4","-2.1","0.3","0","2.6","6.9","","1.7","27.7"
"350","Kimani Vidal","RB","LAC","-","-","-","-","BYE","11.1","1.9","1.6","0.7","-","-","-","2","3.4","2.2","2.4","2.4","","3.1","27.7"
"351","Curtis Samuel","WR","BUF","1.5","0.3","2.2","1.5","-0.1","4.4","0","-","0","3.5","11.8","BYE","0.7","1.6","0.1","-","-","","2.1","27.5"
"352","Nate Adkins","TE","DEN","0","0","0.6","0","0.8","0.5","0","6.3","0","0","7.2","0","1.6","BYE","7.5","1.8","0.7","","1.7","27"
"353","Derius Davis","WR","LAC","0.9","0","0.8","0","BYE","2.2","-","-","0","2.3","2","0.4","0.6","0.1","0","8.8","8.6","","1.9","26.7"
"354","Johnny Mundt","TE","JAC","1.5","1.2","6.2","1.5","3.1","-","0.8","1","0","0","1.3","0.7","8.2","0","0","0","0.7","","1.6","26.2"
"355","Kenny Pickett","QB","CLE","-","-","-","-","-","-","0","-","-","0.3","-","-0.2","-","-","-","10","16","","5.2","26.1"
"356","Darnell Washington","TE","PIT","0.5","6.5","0","3.1","0.5","0.9","3.6","2.9","BYE","0.6","4.2","1.4","1","0","0","0","0.8","","1.6","26"
"356","Spencer Shrader","K","IND","3","-","-","-","-","-","-","-","-","7","3","13","-","BYE","-","-","-","","6.5","26"
"358","Jamaal Williams","RB","FA","11.1","3.9","-0.1","1.9","0.9","0.7","1.7","0.4","-","-","-","-","0.7","1.5","0","0.8","2.4","","2","25.9"
"359","Tyler Johnson","WR","NYJ","7.9","2","2","0","0","-","5.7","0.6","3.8","2.5","0","1.1","0","0","0","-","-","","1.8","25.6"
"360","Cordarrelle Patterson","RB","FA","1.3","0.3","4.8","6.2","-","-","-","-","-","1.4","0","-0.2","5.3","-1.9","0.8","7.2","0.2","","2.1","25.4"
"361","Tylan Wallace","WR","BAL","0","0","0","0","3.1","0","0","0","0","17.5","0.8","1.5","1.4","BYE","0.8","0","0.2","","1.6","25.3"
"361","Chris Brooks","RB","GB","-","-","0.3","-","-","2.1","0","1.7","4.1","BYE","1.3","2.6","2.9","0.3","1.5","8.5","0","","2.1","25.3"
"363","Ryan Miller","WR","TB","-","-","-","-","-","3.9","-","1.9","6.1","1.1","BYE","1.4","0","0","0.1","7.7","2.6","","2.5","24.8"
"364","Tommy Tremble","TE","CAR","-","2.3","2.9","0","-1.3","-","-","1.3","-","-","BYE","0.5","7.7","6.3","1.5","3.2","0","","2.2","24.4"
"365","Josh Reynolds","WR","NYJ","4.5","9.3","3.6","0","6.9","-","-","-","-","-","-","BYE","-","-","0","0","0","","3","24.3"
"366","Blake Corum","RB","LAR","0","2.8","-","-","3.3","BYE","1.1","1.8","-0.1","1.5","2.8","0.5","4.2","3.4","2","1.4","-0.4","","1.7","24.3"
"367","Jaylen Wright","RB","MIA","-","0.4","1.7","3.2","8.6","BYE","3.3","1.8","1.8","0.3","0.6","0.8","0","1.3","0.3","-","0","","1.7","24.1"
"367","Kendre Miller","RB","NO","0","-","-","-","-","-","3.7","1.6","-","-","-","BYE","-","9.2","4.6","3.1","1.9","","3.4","24.1"
"369","Malik Washington","WR","MIA","-","-","-","0.8","0","BYE","0.9","0","0.9","9.5","1.8","0.3","-1.2","0","5.2","2.8","3","","1.8","24"
"370","Jalen Brooks","WR","DAL","1.8","1","2.4","0","1","1.5","BYE","0","2.6","0.4","-","4.1","0","-","7.7","-","1.2","","1.8","23.7"
"371","Desmond Ridder","QB","CIN","-","-","-","-","-","-","-","-","5.2","-","-","0.9","-","4.3","13.1","-","-","","5.9","23.5"
"372","Zamir White","RB","LV","2.6","3.8","3.4","3","-","-","2.7","-0.1","7","BYE","0.9","-","-","-","-","-","-","","2.9","23.3"
"373","Trey Palmer","WR","TB","1.9","0","0","8.6","-","-","1.6","2.9","3.3","0","BYE","1.8","0","0","0","3.1","0","","1.7","23.2"
"374","D'Onta Foreman","RB","FA","0","5.1","0.5","0.7","6","4.7","0.5","2.6","-","-","-","-","-","-","-","-1.9","4.9","","2.3","23.1"
"375","KhaDarel Hodge","WR","ATL","0","0","0","6","12.7","0","0","0","0.9","0","2.2","BYE","0","0","0","-","0.9","","1.5","22.7"
"376","Ty Chandler","RB","MIN","4.2","8.2","1.3","1.3","3.9","BYE","0.4","0","-","1.8","0","0","0.2","0","0.4","0","0.7","","1.5","22.4"
"377","Riley Patterson","K","FA","-","-","-","-","-","-","-","-","3","-","-","-","-","-","1","12","6","","5.5","22"
"378","Brock Wright","TE","DET","0.2","0","3.4","1.3","BYE","0","0","6.8","0.1","0","6.5","2.4","1.3","0","0","0","0","","1.4","22"
"379","D'Ernest Johnson","RB","FA","-","2.6","1.2","0","1","4.4","7","2.3","0.6","0","0.3","-","-","-","-","0.8","1.1","","1.8","21.3"
"380","Mecole Hardman Jr.","WR","GB","0","0","0","0","3.3","-","11.5","0.8","1.7","0.3","2.1","1.5","0","-","-","-","-","","1.8","21.2"
"381","Pierre Strong Jr.","RB","CLE","3","0.5","-","-","0.2","7.8","1.5","0.3","0.8","BYE","0.5","-","0","0.9","0","0.9","4.8","","1.6","21.2"
"382","Sincere McCormick","RB","LV","-","-","-","-","-","-","-","-","-","BYE","-","3.3","6.5","8.9","2.5","-","-","","5.3","21.2"
"383","Michael Penix Jr.","QB","ATL","-","-","-","-","-","-","0.6","-","-","-","1","BYE","-","-","-","7.4","12.2","","5.3","21.1"
"384","Dorian Thompson-Robinson","QB","PHI","-","-","-","-","BYE","-","5.7","-","-","-","0","0","-","-","1.3","9.2","4.8","","3.5","21"
"385","Jordan Whittington","WR","LAR","0","2.2","2.8","6.2","8.9","BYE","0","-","-","0","0","0","0","0","0","0","0.6","","1.5","20.7"
"385","Ja'Lynn Polk","WR","NE","0.6","7.2","1.3","3","1.3","0.4","0","-","0","6.2","0","0.7","0","BYE","0","0","0","","1.4","20.7"
"385","Mo Alie-Cox","TE","IND","0","2.2","0","0","9.7","4.1","0","0","0","0","1.7","0","1.5","BYE","0","1.5","0","","1.3","20.7"
"388","Hassan Haskins","RB","LAC","-","1.1","-","0","BYE","0.5","0.2","0","0","6.4","0.1","0.3","-2","0","0","9.9","4","","1.5","20.5"
"389","Tyrod Taylor","QB","NYJ","6.1","-","-","-","-","-","-","-","-","-","-","BYE","-","-","-","-","13.9","","10","20.1"
"390","Marcus Mariota","QB","WAS","-","-","-","-","0.1","-","19.6","-","-","-","-","-","-","BYE","-","-","-","","9.9","19.7"
"391","Cade Stover","TE","HOU","0","1.8","0","2.7","0.6","0","1.5","1.9","0","0.2","1.5","8.6","0.4","BYE","-","-","0.1","","1.4","19.3"
"392","Charlie Kolar","TE","BAL","0","0.4","3","0","12.6","0","1.4","0.9","0","0.4","0","0.6","-","BYE","-","-","-","","1.6","19.3"
"393","Jamison Crowder","WR","FA","0.5","-","0","-","-","-","-","-","-","-","-","-","-","-","2.7","13.5","2.5","","3.8","19.2"
"394","Michael Burton","RB","DEN","0.3","0.1","0","0.3","0.5","0","0","2.8","-0.1","0","0","1.1","6.1","BYE","0","7.9","0","","1.2","19"
"395","Stone Smartt","TE","NYJ","0","0","0","0","-","1","3.1","0","-","-","0","0","0.3","5.4","3","3.7","2.3","","1.3","18.8"
"396","JaMycal Hasty","RB","FA","0","0.2","0.5","1.5","0","2.1","10.7","-","-0.3","2.4","0.2","1.5","0","-","0","-","0","","1.3","18.8"
"397","Tanner Hudson","TE","CIN","-0.2","-","-","-","-","0","0","0","1.4","10.3","1.3","BYE","2.8","1.9","0.9","-","-","","1.8","18.4"
"398","Dameon Pierce","RB","HOU","1.6","-","-","-","-","13.7","0.2","0.4","-","-","0.2","0","0.1","BYE","0","0.4","1.3","","1.8","17.9"
"399","Bub Means","WR","NO","0","0","-","0","0","10.5","3.7","3.6","-","-","-","BYE","-","-","-","-","-","","2.5","17.8"
"400","Kylen Granson","TE","PHI","0","0.9","4","0","0","0","0","0.4","2.2","1.5","0.4","0","0","-","4.7","0","3.4","","1.1","17.5"
"401","Ashton Dulin","WR","IND","11.4","1.3","0","0","0.9","0","1.2","0","1.7","0.7","0","0","-","BYE","-","0","0","","1.2","17.2"
"402","Luke McCaffrey","WR","WAS","1.8","0","4.4","1.7","1.9","0.5","0","0.8","0","2.3","0","0.8","1.3","BYE","0","1.3","0","","1.1","16.8"
"403","Robert Woods","WR","PIT","0","0","1.8","1","0","-","-","1.8","4.4","0.1","1.3","0.8","0","-","1.2","1.9","2.1","","1.2","16.4"
"403","Malik Heath","WR","GB","-","-","0","1.2","1.4","0","0","0","-","BYE","0","7.5","0","0","-","-","6.3","","1.5","16.4"
"405","Payne Durham","TE","TB","0","0","0.8","0","0","0","-","0","0","0","BYE","2.6","0","0","0","2.9","9.6","","1.1","15.9"
"406","Erick All Jr.","TE","CIN","0","3.2","2.2","2.8","1","1","0","3.2","2.4","-","-","BYE","-","-","-","-","-","","1.8","15.8"
"407","DeeJay Dallas","RB","ARI","6","0","0","0","0","0","0","0","0.2","1","BYE","0","-","0","1.5","6.1","0.5","","1","15.3"
"408","Lucas Krull","TE","DEN","-","-","-","-","0.5","1.1","4.1","1.8","0","2.1","0","0","2.4","BYE","0.8","2.1","0.3","","1.3","15.2"
"409","Drew Sample","TE","CIN","0","2.8","0","0","0","0","0","0","7.4","0","0.5","BYE","0.8","1.3","0.8","1.2","0.3","","0.9","15.1"
"410","Tim Boyle","QB","TEN","-","-","3.8","-","BYE","-","3.4","-","-","-","-","-","-","-","7.8","-","-","","5","14.9"
"411","Drew Ogletree","TE","IND","0","1.2","0","7.5","0.5","2.4","0","0","0","0.2","0.8","0","2.2","BYE","0","0","0","","0.9","14.8"
"412","Kevin Austin Jr.","WR","NO","-","-","-","-","-","-","-","-","-","3.6","1.8","BYE","4","0.5","0.8","1.7","2.3","","2.1","14.7"
"412","Patrick Taylor Jr.","RB","SF","-","-","-","0","0","2.8","-","0.9","BYE","-","-","-","-","8.5","0","2.5","0","","1.8","14.7"
"414","Kenny McIntosh","RB","SEA","-","0","1.1","0","-","-","0.5","-","-","BYE","0","0","0","4.5","0.9","2.9","4.6","","1.3","14.5"
"415","Bo Melton","WR","GB","0","0.8","0","2.8","1.2","3.3","0.7","0","1.9","BYE","0","0.5","0","0","0","1.4","1.8","","0.9","14.4"
"416","Trent Sherfield Sr.","WR","DEN","0","1.7","0.8","0.8","0","-","0","7","0.7","1.1","1.6","0","0","0","0.6","0","0","","0.9","14.3"
"417","Jake Haener","QB","NO","0","-0.3","-","-","1.8","-","5.5","5.9","-","-","-0.2","BYE","-","-0.1","1.7","-","-","","1.8","14.2"
"418","Carson Steele","RB","KC","0.3","0.4","7.4","-1.4","1.2","BYE","1.7","1.4","0.9","0.3","0.7","1.3","0","0","0","0","-","","0.9","14.2"
"419","Eric Saubert","TE","SEA","0","2.6","4.1","0","0","0","0","0","-","0","0.7","0","0","0.4","0","6.2","0","","0.9","14"
"419","Craig Reynolds","RB","DET","-","0","0","0","BYE","2.1","0","0.3","0","-","2.1","0.6","-","0","0","2.3","6.6","","1.1","14"
"421","Jahan Dotson","WR","PHI","0","0.6","0.8","1.1","BYE","2.3","0","0","3.6","2.7","0.8","0.4","0.7","0.5","0","0","0","","0.8","13.5"
"421","Michael Mayer","TE","LV","0.3","1.1","0.7","-","-","-","-","-","-","BYE","0.5","1.1","0.5","6.8","1.1","0","1.4","","1.4","13.5"
"423","Tommy DeVito","QB","NYG","-","-","-","-","-","-","-","-","-","-","BYE","10.8","-","0","2.7","-","-","","4.5","13.5"
"424","Hunter Luepke","RB","DAL","1.8","0","4.1","2.2","2.4","0","BYE","0","0.9","0","-","1","0.4","0.5","0","0","0.1","","0.9","13.4"
"425","Alec Ingold","RB","MIA","0.8","0.2","1.4","0","6.3","BYE","0.4","2.2","0","-","-","0","1.5","0","0","0.4","0","","0.9","13.2"
"425","Khalil Herbert","RB","IND","0.4","6.7","0.9","-","0","0","-","-","-","0","0","-","1.4","1.1","0.4","0","2.3","","1.1","13.2"
"427","Tyrell Shavers","WR","BUF","-","-","-","-","0","-","-","-","-","0","-","BYE","-","-","-","-","12.9","","4.3","12.9"
"428","Michael Carter","RB","ARI","-","-","-","-","-","-","-","-","-","-","BYE","-","-","0","-","4.8","8.1","","4.3","12.9"
"429","Patrick Ricard","RB","BAL","0","0","0","6","0","0","0","0","6.3","0","0.5","0","0","BYE","0","0","0","","0.8","12.8"
"430","Jonathan Mingo","WR","DAL","2.3","0.1","2","2.4","3.7","0.1","0","0","0","-","0","0.8","0.2","0","0","0","1.2","","0.8","12.8"
"431","Dante Pettis","WR","NO","-","-","-","-","-","-","-","-","-","0.8","0.9","BYE","2.5","0","2.4","3.1","2.7","","1.8","12.4"
"432","Rakim Jarrett","WR","TB","-","-","-","-","-","-","-","5.8","0.9","1","BYE","3","0","0","0","0.6","1.1","","1.4","12.4"
"433","K.J. Osborn","WR","WAS","2.1","0.7","0","0.3","-","-","8.6","0","-","0","-","-","-","BYE","-","-","0","","1.5","11.7"
"434","Jordan Mims","RB","TEN","1.1","0","0","-","BYE","1.8","-","-","3.8","1.4","0.3","-","-","-","-","3.2","-","","1.5","11.6"
"434","Daniel Bellinger","TE","NYG","0.3","0","1.7","0","0","0","1.1","0","0","0","BYE","0","0","4.5","3.5","0.5","0","","0.7","11.6"
"436","Xavier Hutchinson","WR","HOU","0.3","0","0","0","3.1","0","1.1","1.9","0","0.6","0","0","-","BYE","1.3","0.8","2.1","","0.7","11.2"
"437","Blake Whiteheart","TE","CLE","-","0","0","7.3","0","-","-","-","-","BYE","-","2.9","0","0","0","0","0.8","","1.1","11"
"438","Jermaine Burton","WR","CIN","0","4.7","0","0","0","-","0","4.1","-","1.1","0.8","BYE","0","0","0","0","0","","0.8","10.7"
"439","Simi Fehoko","WR","ARI","0","0","1.7","0","-","4.4","4.5","0","0","-","BYE","-","-","-","-","-","-","","1.3","10.6"
"440","Jake Bobo","WR","SEA","0","1.5","0","3","0.3","1.8","0","1.5","0","BYE","0","0.8","0","0","0.8","0.6","0","","0.6","10.3"
"441","Julius Chestnut","RB","TEN","0","0","-","-","BYE","0.2","2.4","3.2","2.2","0","0","0.5","0","0","-","0","1.7","","0.8","10.2"
"442","Connor Heyward","TE","PIT","0","0","0.2","0","8.3","0.4","0","0","BYE","0","0","0","0","0","0","0.3","0.8","","0.6","10"
"442","Julian Hill","TE","MIA","0.6","0","2.4","0","0","BYE","0.4","1.1","-","0","2.8","0.8","0.5","1.4","0","0","0","","0.7","10"
"442","MyCole Pruitt","TE","FA","0.9","0","-","-","-","-","0","1","-","0","-","0","2.1","-0.1","0","6.1","0","","0.9","10"
"445","Jeremy Ruckert","TE","NYJ","0","0","1.5","1","0","0.7","0","1.4","0.4","1.7","0.6","BYE","0.3","0","1.2","1.2","0","","0.6","10"
"446","Tanner McKee","QB","PHI","-","-","-","-","BYE","-","-","-","-","-","-","-","-","-","-","-","10","","10","10"
"447","Mason Tipton","WR","NO","0.6","0","1.1","0.6","0.2","1.5","4.5","1.4","0","0","-","BYE","-","-","-","0","-","","0.9","9.9"
"448","Marquise Brown","WR","KC","-","-","-","-","-","BYE","-","-","-","-","-","-","-","-","-","4.5","4.6","","4.6","9.1"
"449","Parris Campbell","WR","DAL","-","0","1.3","7.7","-","-","0","-","-","-","-","-","0","-","-","-","-","","1.8","9"
"450","Ben Sinnott","TE","WAS","0","0","0","0","0","0","6.6","0","1.2","0","0","0","0.3","BYE","0.7","0","0","","0.6","8.8"
"451","Brevyn Spann-Ford","TE","DAL","0","0","0","0","2","0","BYE","0","0","0","4.2","2.4","0","0","0.2","0","0","","0.6","8.8"
"452","Kenny Yeboah","TE","DET","-","-","-","-","BYE","-","-","-","1.2","0.4","7.1","-","0","0","0","0","0","","1.1","8.7"
"453","Harrison Bryant","TE","PHI","0","0","0","2.1","0","2.4","1.9","-","2.2","-","-","-","-","0","0","0","0","","0.7","8.6"
"454","C.J. Ham","RB","MIN","-0.9","0","0","0","7","BYE","0","0","0","0","0","0","0","0","0","0.9","1.5","","0.5","8.5"
"455","Brandon Allen","QB","TEN","-0.1","-","-","-","BYE","-","-","-","-","-","-","9.5","-","-1","-","-","-","","2.8","8.4"
"456","Devin Duvernay","WR","CHI","0.3","0.4","-0.1","0","0.3","-","BYE","-","-","0","0","-","2.3","0.1","4.2","0.3","0.4","","0.7","8.2"
"457","Joshua Dobbs","QB","NE","-","0","-","-","-","-","-","-","-","-","-","-","-","BYE","-","-","8.1","","4.1","8.1"
"457","Devontez Walker","WR","BAL","-","-","-","-","-","-","0","-","0","-","-","0","-","BYE","8.1","0","0","","1.4","8.1"
"459","Tyler Higbee","TE","LAR","-","-","-","-","-","BYE","-","-","-","-","-","-","-","-","-","7.1","0.9","","4","8"
"460","Jeff Wilson Jr.","RB","FA","2.6","1.2","1.4","0","-","-","-","-","-","-","-","-","0","1.1","-","1.2","0.5","","1","8"
"461","Bryce Oliver","WR","TEN","-","-","-","-","BYE","-","-","-","0","2.3","3.3","0","0","1.6","0.8","0","0","","0.9","8"
"462","Xavier Gipson","WR","NYJ","0","0","1.6","0.6","0","0","0","6.1","0","0","1.7","BYE","-0.1","0","0","-2","0","","0.5","7.9"
"463","Skylar Thompson","QB","PIT","-","3.6","4.3","-","-","-","-","-","BYE","-","-","0","-","-","-","-","-","","2.6","7.9"
"464","Kristian Wilkerson","WR","BUF","-","-","-","-","-","7.8","0","-","-","-","-","BYE","-","-","-","-","-","","3.9","7.8"
"465","Jalen Reagor","WR","LAC","-","-","-","-","BYE","-","2","3.5","0","-0.2","0","2","0","0.4","-","-","-","","1","7.7"
"466","Quintin Morris","TE","JAC","0","0","0","0","0","0","0","0","6.2","0","0","BYE","1.4","-","0","0","0","","0.5","7.6"
"467","Johnny Wilson","WR","PHI","0","0","0.9","0","BYE","0","0","0","0","6.5","0","0","-","0","0","0","0","","0.5","7.4"
"467","Chris Manhertz","TE","NYG","0","0","0","0","0","0","0","0","6.2","0","BYE","0","0","0","0","0","1.2","","0.5","7.4"
"469","Hayden Hurst","TE","FA","3.3","0.5","1.5","0.6","-","0","-","-","0.6","0","-","-","-","-","-","0.8","-","","0.9","7.3"
"470","Brandon Powell","WR","FA","0","1.6","1.3","0","0","-","0","0","0.9","0","1.3","0","0.8","0","1.2","0","0","","0.4","7.1"
"471","Scotty Miller","WR","PIT","0","0","3.1","0","0","0","0","0","BYE","-","0","-","-","3.8","0","0","0","","0.5","6.9"
"472","Ben Skowronek","WR","PIT","-","0","-","-","0","-","-","-","BYE","0","0.4","0","2.3","0","1.7","2.5","-","","0.8","6.9"
"473","Ryan Flournoy","WR","DAL","-","-","-","-","0","-0.8","BYE","0","1.3","0","1.9","0","-","0","-","4.1","0.3","","0.7","6.8"
"474","Michael Woods II","WR","FA","-","-","-","-","-","-","-","-","-","-","-","-","4.3","1.2","0.7","0","0.3","","1.3","6.5"
"475","Tyler Badie","RB","DEN","-","1.8","7","-2.4","-","-","-","-","-","-","-","-","-","BYE","-","-","-","","2.1","6.4"
"476","John Bates","TE","WAS","0","0.5","0","0.9","0","0","0","2","0","0","1.7","-0.7","0","BYE","0.6","0","1.4","","0.4","6.4"
"477","Eric Gray","RB","NYG","1.5","0","-2","0.1","3.4","1.3","0.9","0.3","0","0","BYE","0.6","0","-","0","0.2","0","","0.4","6.3"
"477","Luke Farrell","TE","SF","0","1.3","0.1","0","1.7","0","0","0","0.5","1.6","0.3","-","0","0","0","0.8","0","","0.4","6.3"
"479","Jalin Hyatt","WR","NYG","0","0","0","0","0","0.6","0","-","0","3.9","BYE","0","0.8","0","0","0.9","0","","0.4","6.2"
"480","Mitchell Trubisky","QB","BUF","-","-0.2","0","0.1","0","-","-","-0.3","-","-0.1","-","BYE","-0.1","-","-","-","6.7","","0.8","6"
"481","Hunter Long","TE","JAC","0","0","0","0","1.6","-","0.5","1.8","0.4","0","0","0","0","0","1.7","0","0","","0.4","6"
"481","Kene Nwangwu","RB","NYJ","-","-","-","-","-","-","-","-","-","-","-","BYE","6","0","-","-","-","","3","6"
"481","Ihmir Smith-Marsette","WR","NYG","-","-","0","0","0","0","0","0","0","0","BYE","0","0","0","0","0","6","","0.4","6"
"484","Laviska Shenault Jr.","WR","BUF","0.1","0.6","0.2","1.8","0","4","0","1","0","-","0","BYE","-2","-","0","-","-","","0.5","5.7"
"485","Odell Beckham Jr.","WR","FA","-","-","-","-","0","-","0","0","1.5","1.7","1.3","0","0.9","0.1","-","-","-","","0.6","5.5"
"486","Durham Smythe","TE","CHI","0","0.8","0.3","0","0","-","0","0","0.4","0.6","0.3","0.8","0.8","0","0.8","0.5","0","","0.3","5.3"
"487","Devin Culp","TE","TB","-","-","-","-","-","-","0","0","-","-","BYE","-","-","-","-","0","5.2","","1.3","5.2"
"487","DeAndre Carter","WR","CLE","0.6","3.2","2.2","0","0","0","-","0.7","0","0.5","0","-2","0","0","-","-","-","","0.4","5.2"
"489","Deuce Vaughn","RB","DAL","0.4","1.7","1.3","0","-","-","BYE","-","-","-","1.7","-","-","-","-","-","-","","1","5.1"
"489","Ronnie Rivers","RB","LAR","1.6","0","0.9","2.6","-","BYE","0","-","-","-","-","-","-","0","-","-","-","","0.9","5.1"
"489","Sione Vaki","RB","DET","0","1.7","0","-","BYE","0.5","0","0","-","0","0.9","0","-","-","0","2","0","","0.4","5.1"
"492","Will Shipley","RB","PHI","0","0","0","0","BYE","0","1.5","-0.3","0","3.4","0","-","0.4","0","-","-","-","","0.4","5"
"493","Keaton Mitchell","RB","BAL","-","-","-","-","-","-","-","-","-","0","0","-","-","BYE","-","-","4.8","","1.6","4.8"
"494","Tyquan Thornton","WR","KC","2.7","0","0","0","0","BYE","-","2","-","-","-","-","-","-","-","-","-","","0.8","4.7"
"495","Charlie Woerner","TE","ATL","0.4","0","0","0","0","0","0","1.3","0","0","-","BYE","0.5","1.1","0.7","0","0.6","","0.3","4.6"
"496","Jonathon Brooks","RB","CAR","-","-","-","-","-","-","-","-","-","-","BYE","0.7","4.1","-0.3","-","-","-","","1.5","4.5"
"496","Charlie Jones","WR","CIN","-1.5","0","0","0","0","0","6","0","-","-","-","BYE","-","-","-","-","-","","0.6","4.5"
"496","Pharaoh Brown","TE","MIA","-","-","0.9","0.3","0.7","0","0","0","0","-","0","1.9","0","0.6","0","1.7","-1.6","","0.3","4.5"
"499","Cody White","WR","SEA","-","-","-","-","-","-","-","-","4.4","BYE","0","0","0","-","-","-","-","","1.1","4.4"
"499","Dee Eskridge","WR","MIA","-","-","3","0","-","BYE","-","0.6","0","-","-","-","-","0","-","-","0.8","","0.7","4.4"
"499","J.J. Taylor","RB","HOU","-","-","0.3","1.8","-","-","-","-","2.3","0","-","-","-","BYE","-","-","-","","1.1","4.4"
"502","Ben Sims","TE","GB","0","0","0","0","0","3.8","0.2","0","0","BYE","0","0","0","0.2","0","0","0","","0.3","4.2"
"503","Tim Jones","WR","MIN","0","-","0","0","0","0","0","2","1","0","0","-","0","0","0","0","1.1","","0.3","4.1"
"503","Terrace Marshall Jr.","WR","PHI","-","-","-","-","BYE","-","-","-","-","-","0","-","0","0.6","0.7","0","2.8","","0.7","4.1"
"505","Jude McAtamney","K","NYG","-","-","-","-","-","-","-","-","4","-","BYE","-","-","-","-","-","-","","4","4"
"506","Davis Allen","TE","LAR","0","-","-","-","0","BYE","0","0","0.5","3.4","0","0","0","0","0","0","0","","0.3","3.9"
"507","Tucker Fisk","TE","LAC","-","-","-","-","BYE","-","-","-","-","0","0.6","0.7","0.1","0","0.7","1","0.8","","0.5","3.9"
"508","Zay Jones","WR","ARI","-","-","-","-","-","-","0","0.3","0","0","BYE","0","0","1.3","0.3","0","1.9","","0.4","3.8"
"509","Tip Reiman","TE","ARI","0","0","0","0","0.5","0","0.1","0","0","0","BYE","0","0.9","1.4","0.8","0","0","","0.2","3.7"
"509","Dan Chisena","WR","FA","-","-","-","-","-","-","-","-","-","-","-","0","0.6","0","-","2.3","0.8","","0.7","3.7"
"511","Xavier Smith","WR","LAR","-","-","0","0","0.6","BYE","3","0","0","0","0","0","0","0","0","0","0","","0.3","3.6"
"511","Gerald Everett","TE","FA","-0.1","0.1","0","0","2.2","0","-","0.3","0.5","0","0","0","0","0","0","0.6","0","","0.2","3.6"
"513","Treylon Burks","WR","TEN","0.3","0","0.9","1.3","BYE","1","-","-","-","-","-","-","-","-","-","-","-","","0.7","3.5"
"514","Travis Homer","RB","CHI","1","0.6","-","-","-","-","BYE","-","0","0","0","0","0","1.1","0.7","-","-","","0.4","3.4"
"514","Britain Covey","WR","LAR","0","2.3","1.1","-","-","BYE","-","-","-","-","-","0","0","-","-","-","-","","0.7","3.4"
"516","Davis Mills","QB","HOU","-","-","3.2","-","-","0","-","-","-","-","-","-","-","BYE","-","-","0.2","","1.1","3.4"
"517","Raheem Blackshear","RB","CAR","0","0","0","0","0","0","0","0","0","0","BYE","0","0","0","-","1.3","2","","0.2","3.3"
"517","Mike Boone","RB","FA","0.7","-","-","-","-","-","-","-","-","-","-","-","-","-","1.4","0.1","1.1","","0.8","3.3"
"519","Jase McClellan","RB","FA","-","-","-","-","-","-","1.7","-","-","-","1.5","-","-","-","-","-","0","","1.1","3.2"
"520","Jermar Jefferson","RB","TEN","-","-","-","-","BYE","-","-","-","-","-","-","-","-","-","-","2.3","0.9","","1.6","3.2"
"521","Taylor Heinicke","QB","LAC","-","-","1","-","BYE","-","-","-","-","-","-","-","-","1.2","0.2","-","0.8","","0.8","3.1"
"522","Rasheen Ali","RB","BAL","-","-","-","-","-","-","-","-","-","-","-","-","0","BYE","3.2","0.2","-0.3","","0.8","3.1"
"522","Alex Bachman","WR","LV","-","-","-","0","0","3.1","0","0","-","BYE","-","-","-","-","-","-","-","","0.6","3.1"
"524","Jacob Cowing","WR","SF","0","0","0","0","-","0","5","0","BYE","-2","0","-","0","0","0","0","0","","0.2","3"
"524","Clyde Edwards-Helaire","RB","NO","-","-","-","-","-","-","-","-","-","-","-","BYE","-","-","-","-","3","","3","3"
"524","Dalvin Cook","RB","FA","-","-","-","-","-","-","-","2.2","0.8","-","-","-","-","-","-","-","-","","1.5","3"
"524","Allen Robinson II","WR","FA","-","-","0","-","-","0","-","0","0.2","0","0.7","0","0","0","0","0","2.1","","0.3","3"
"528","Will Mallory","TE","IND","-","-","-","0","0.7","0","0.5","0","0","1","-","-","0.7","BYE","0","0","-","","0.3","2.9"
"529","Greg Dulcich","TE","NYG","1.2","1.6","0","0","-","-","-","-","-","-","BYE","-","-","0","0","0","0","","0.4","2.8"
"529","River Cracraft","WR","FA","-","-","-","-","-","-","-","-","-","0","0","0","0","-","0.6","0.6","1.6","","0.4","2.8"
"531","David Bell","WR","CLE","-","2.7","-","-","-","-","-","-","-","BYE","-","-","-","-","-","-","-","","2.7","2.7"
"531","Deven Thompkins","WR","FA","-","-","-","-","-","-","-","-","-0.2","0","-","1.3","0","0.7","0","0.9","-","","0.4","2.7"
"533","Hendon Hooker","QB","DET","-","-","-","-","BYE","0.7","-","0.2","-","-","1.8","-","-","-","-","-","-","","0.9","2.7"
"534","Luke Musgrave","TE","GB","0","0.6","0.3","1.3","-","-","-","-","-","BYE","-","-","-","-","-","0","0.4","","0.4","2.6"
"534","Peyton Hendershot","TE","FA","-","0","-","-","-","-","-","-","0.9","0.6","1.1","0","-","-","-","-","0","","0.4","2.6"
"536","DJ Chark Jr.","WR","ATL","-","-","-","-","-","-","-","-","-","0","-","BYE","0","0.9","1.6","0","0","","0.4","2.5"
"537","Blake Watson","RB","DEN","-","-","-","-","0","-","-","0","-","-","-","-","-","BYE","-","2.3","-","","0.8","2.3"
"537","Anthony Gould","WR","IND","0","0","0","-","-","-","-","-","-","-","-","-","0","BYE","2.3","0","0","","0.3","2.3"
"539","Ronnie Bell","WR","DET","0","0","1.2","-","0","-","1","0","-","0","-","0","-","-","-","-","-","","0.3","2.2"
"539","Malachi Corley","WR","NYJ","0","0.4","-","-","-","-","-","0","-0.2","0.2","1","BYE","0.8","-","-","-","-","","0.3","2.2"
"539","Shane Zylstra","TE","DET","-","-","-","-","BYE","-","0","0","0","0","2.2","0","0","0","0","0","0","","0.2","2.2"
"539","Jamari Thrash","WR","CLE","-","-","-","-","-","-","0","-","0","BYE","1.1","0","1.1","-","0","0","0","","0.3","2.2"
"539","Jonathan Ward","RB","FA","-","-","-","-","0.9","1.3","0","0","-","-","-","-","-","-","-","-","-","","0.6","2.2"
"544","Austin Trammell","WR","JAC","-","-","-","-","-","-","-","-","2","-","-","BYE","-","-","-","-","-","","2","2"
"545","Cam Grandy","TE","CIN","-","-","-","-","-","-","-","-","-","0","0","BYE","0","0","1.2","0","0.7","","0.3","1.9"
"546","MarShawn Lloyd","RB","GB","-","1.8","-","-","-","-","-","-","-","BYE","-","-","-","-","-","-","-","","1.8","1.8"
"547","Mason Kinsey","WR","TEN","-","-","-","-","BYE","-","-","0","-","-","-","-","-","0","1.1","0.6","0","","0.3","1.7"
"548","Chris Conley","WR","FA","0","0.4","0","0","-","0","0","0","-","-","0","0","0","0","0","0","1.3","","0.1","1.7"
"548","Chris Blair","WR","ATL","-","-","-","-","-","-","-","-","-","-","-","BYE","-","-","-","1.7","0","","0.9","1.7"
"548","Aaron Shampklin","RB","FA","-","-","-","0.5","1.4","-0.2","-","-","-","-","-","-","-","-","-","-","-","","0.6","1.7"
"551","Anthony Miller","WR","BAL","-","-","-","-","-","-","-","-","-","-","-","-","-","BYE","-","0","1.6","","0.8","1.6"
"551","Tanner Conner","TE","MIA","0","0","0.1","1.5","0","BYE","-","-","0","0","-","-","-","-","-","-","-","","0.2","1.6"
"553","Trenton Irwin","WR","JAC","0.6","0.5","-","-","-","0","-","0.4","0","0","0","BYE","-","-","-","-","-","","0.2","1.5"
"554","Casey Washington","WR","ATL","-","-","-","-","-","-","1.4","-","-","-","0","BYE","-","-","-","-","-","","0.7","1.4"
"554","Josiah Deguara","TE","ARI","-","-","0.8","0","0.2","0","0","0","0","-","0","-","-","0","0","0.4","0","","0.1","1.4"
"556","Trey Lance","QB","LAC","-","-","-","-","BYE","-","-","-","-","1.5","-","-0.3","-","-","-","-","0.1","","0.5","1.4"
"557","Nick Mullens","QB","JAC","-","-","0","-","1","-","-","-","-","-","-","0.6","-","-0.2","-","-","-","","0.3","1.3"
"557","Terrell Jennings","RB","NE","-","-","-","-","-","1.3","-","-","-","-","-","-","-","BYE","-","-","-","","1.3","1.3"
"559","Isaiah Hodgins","WR","SF","-","-","-","-","0","0.5","-","-","BYE","0.7","-","-","-","-","-","-","-","","0.4","1.2"
"560","Kameron Johnson","WR","TB","0","-","-","0","0","0","-","-","-","-","BYE","-","-","-","-","-","1.1","","0.2","1.1"
"560","Grant DuBose","WR","FA","0","1.3","-","-","-","-","-","-","-","-","-","-","-","-","-0.2","-","-","","0.4","1.1"
"560","Tyreik McAllister","RB","FA","0","-","-","1.1","-","-","-","-","-","-","-","-","-","-","-","-","-","","0.6","1.1"
"563","Dallin Holker","TE","FA","-","-","-","-","0","0","0","-","0","0","0","-","0","1","0","0","0","","0.1","1"
"563","Jack Stoll","TE","NO","-","-","0","0.4","-","0","0","0.6","0","0","-","BYE","-","-","-","0","0","","0.1","1"
"563","Myles Gaskin","RB","FA","-0.3","-","0","0","1.3","-","-","-","-","-","-","-","-","-","-","-","-","","0.3","1"
"566","George Holani","RB","SEA","-","-","-","-","-","-","-","-","-","BYE","-","-","-","-0.1","1","-","0","","0.3","0.9"
"566","Kendric Pryor","WR","CIN","-","-","-","-","-","-","-","-","0.9","-","-","BYE","-","-","-","-","-","","0.9","0.9"
"566","Brandon Johnson","WR","PIT","-","-","-","-","0.9","-","0","0","BYE","-","-","-","-","-","-","-","-","","0.3","0.9"
"569","Eric Tomlinson","TE","FA","0","0","0","0","-","0","0.7","0","0.2","-","-","-","-","-","0","-","-","","0.1","0.9"
"570","Ainias Smith","WR","PHI","-","-","-","-","BYE","-","-","0","0.2","0.6","0","0","-","-","-","-","0","","0.1","0.8"
"570","Carson Wentz","QB","FA","-","-","-","-","-","-","0","-","-","-","-","-","-","-","0.8","-","-","","0.4","0.8"
"572","Josh Johnson","QB","WAS","-","-","-","0","-","-","0","-","0.2","-","-","-","-","BYE","-0.1","-","0.6","","0.2","0.8"
"573","Kyle Allen","QB","DET","-","-","-","-","0.8","-","-","-","-","-","-","-","-","-","-","-","-","","0.8","0.8"
"574","Brevin Jordan","TE","HOU","0.3","0.4","-","-","-","-","-","-","-","-","-","-","-","BYE","-","-","-","","0.4","0.7"
"574","Jared Wiley","TE","KC","0","0.7","0","0","0","BYE","0","0","-","-","-","-","-","-","-","-","-","","0.1","0.7"
"574","Ian Thomas","TE","LV","-","-","-","-","-","0","0.4","0","0","0.3","-","-","-","-","-","-","-","","0.1","0.7"
"574","John Samuel Shenker","TE","FA","-","-","-","0","0","0","0","0.7","-","-","-","-","-","-","-","0","0","","0.1","0.7"
"574","Ramel Keyton","WR","TEN","-","-","-","-","BYE","-","-","-","0.7","-","0","0","-","0","0","0","0","","0.1","0.7"
"574","Tyrion Davis-Price","RB","FA","-","-","-","-","-","-","-","-","-","-","-","-","-","-","-","-","0.7","","0.7","0.7"
"574","Geoff Swaim","TE","FA","-","-","0","0","0","0","0","0.7","0","-","0","-","-","-","-","-","-","","0.1","0.7"
"581","Chris Collier","RB","LV","-","-","-","-","0","-","0","0","0","BYE","-","-","-","-","-","-","0.6","","0.1","0.6"
"581","David Martin-Robinson","TE","TEN","-","-","-","-","BYE","-","-","-","-","-","-","-","-","0","0","0.6","0","","0.2","0.6"
"581","Jaelon Darden","WR","FA","0","-","-","-","-","0.6","0","0","0","-","-","-","0","0","0","0","0","","0.1","0.6"
"581","John Ross","WR","FA","-","-","-","0.6","-","-","-","-","-","-","-","-","-","-","-","-","-","","0.6","0.6"
"581","Isaiah Williams","WR","CIN","-","-","-","-","-","-","-","0.6","0","-","-","BYE","0","0","0","0","0","","0.1","0.6"
"581","Collin Johnson","WR","LV","-","0","0","-","-","-","-","-","-","BYE","-","0","0","0.6","0","0","0","","0.1","0.6"
"587","Tyler Scott","WR","CHI","-","0","0","0","0","0","BYE","-","0","-","0","-","-","-","0.5","0","0","","0.1","0.5"
"587","Robbie Chosen","WR","FA","0","0.5","-","-","-","-","-","-","-","-","-","-","-","-","-","-","-","","0.3","0.5"
"587","Ross Dwelley","TE","SF","0","0","0","0","-","0","0","0","0","-","0.5","-","0","0","0","0","-","","0","0.5"
"587","Jody Fortson Jr.","TE","FA","-","-","-","-","0.5","-","0","0","-","-","-","-","-","-","-","-","-","","0.2","0.5"
"587","Zach Davidson","TE","BUF","-","-","-","-","-","-","-","-","-","-","0.5","BYE","0","0","-","-","-","","0.2","0.5"
"592","Ke'Shawn Vaughn","RB","FA","-","-","-","-","-","-","-","-","-","-","-","-","-","0.4","-","-","-","","0.4","0.4"
"593","Darrynton Evans","RB","BUF","-","-","-","-","0","-","-","-","-","-","-","BYE","-","0.3","-","-","-","","0.2","0.3"
"593","Reggie Gilliam","RB","BUF","0","0","0","0","0","0","-","0","-","-","0","BYE","0","0","0","0","0.3","","0","0.3"
"595","John FitzPatrick","TE","GB","-","-","-","-","-","-","-","0","0","BYE","0","0.2","-","0","0","0","0","","0","0.2"
"595","Marcedes Lewis","TE","FA","0","0","0","0","0","0.2","-","0","0","0","0","0","0","0","0","0","0","","0","0.2"
"595","British Brooks","RB","HOU","0","-","0.2","0","-","-","-","-","-","-","-","-","-","BYE","-","-","-","","0.1","0.2"
"598","Sam Howell","QB","MIN","-","-","-","0","-","BYE","0","-","-","-","-","-","-","-","0.2","-","-","","0.1","0.2"
"599","James Proche II","WR","TEN","-","0","0","0.3","0","-","-","-","-","-","-","-","-","1.8","-2","0","0","","0","0.1"
"599","Jaheim Bell","TE","NE","-","0","-","-","-","0","0","0","0.1","0","0","0","0","BYE","0","0","0","","0","0.1"
"601","Stephen Sullivan","TE","CAR","-","-","-","-","-","-","-","-","-","-","BYE","-","0","-","-","-","-","","0","0"
"601","Irv Smith Jr.","TE","HOU","-","-","-","-","-","-","-","-","-","-","-","-","0","BYE","0","0","0","","0","0"
"601","Emory Jones","QB","ATL","-","-","-","-","-","-","-","-","-","-","-","BYE","-","-","-","-","0","","0","0"
"601","Dez Fitzpatrick","WR","LAC","-","-","-","-","BYE","-","-","-","-","-","-","-","-","-","-","-","-","","","0"
"601","Joshua Cephus","WR","JAC","-","-","-","-","-","-","-","-","-","-","-","BYE","-","0","-","-","-","","0","0"
"601","Princeton Fant","TE","DAL","-","-","-","-","-","-","BYE","-","-","-","0","-","0","0","0","0","-","","0","0"
"601","Nikko Remigio","WR","KC","-","-","-","-","-","BYE","-","-","-","-","-","-","-","0","0","0","0","","0","0"
"601","Jack Browning","K","FA","-","-","-","-","-","-","-","-","-","-","-","-","-","0","0","0","0","","0","0"
"601","Joe Milton III","QB","DAL","-","-","-","-","-","-","BYE","-","-","-","-","-","-","-","-","-","-","","","0"
"601","Brandon Smith","WR","NYJ","-","-","-","-","-","-","-","-","-","-","-","BYE","-","-","0","-","-","","0","0"
"601","Zack Kuntz","TE","NYJ","-","-","-","-","-","-","-","-","-","-","-","BYE","-","-","0","-","-","","0","0"
"601","Kendall Milton","RB","CIN","-","-","-","-","-","-","-","-","0","-","-","BYE","-","-","-","-","-","","0","0"
"601","Justyn Ross","WR","FA","-","-","-","-","-","-","-","-","0","0","-","-","-","-","-","-","-","","0","0"
"601","Cody Schrader","RB","LAR","-","-","-","-","-","BYE","-","-","-","-","-","-","-","-","-","-","-","","","0"
"601","Thomas Odukoya","TE","TEN","-","-","-","-","BYE","-","-","-","-","-","-","-","-","-","0","-","-","","0","0"
"601","Elijah Cooks","WR","PHI","-","-","-","-","BYE","-","-","-","0","-","-","-","0","-","0","-","-","","0","0"
"601","Keilan Robinson","RB","PHI","-","-","-","-","BYE","-","-","-","-","-","-","-","-","0","-","-","0","","0","0"
"601","Bailey Zappe","QB","KC","-","-","-","-","-","BYE","-","-","-","-","-","-","-","-","-","-","-","","","0"
"601","Maurice Alexander","WR","CHI","-","-","-","-","-","-","BYE","-","-","-","-","-","0","0","-","-","-","","0","0"
"601","Jimmy Garoppolo","QB","LAR","-","-","-","-","-","BYE","-","-","-","-","-","-","-","-","-","-","-","","","0"
"601","Joshua Kelley","RB","FA","-","-","-","-","-","-","-","-","-","-","-","0","-","-","-","-","-","","0","0"
"601","Tyler Mabry","TE","CAR","-","-","-","-","-","-","-","-","-","-","0","0","-","-","-","-","-","","0","0"
"601","Seth Williams","WR","LV","-","-","-","-","-","-","-","-","-","BYE","0","-","-","0","-","-","-","","0","0"
"601","James Mitchell","TE","CAR","-","-","-","-","-","-","-","-","-","-","0","-","-","-","-","-","-","","0","0"
"601","Tay Martin","WR","WAS","-","-","-","-","-","-","-","-","-","-","-","-","-","BYE","-","-","-","","","0"
"601","Jalen Cropper","WR","DAL","-","-","-","-","-","-","BYE","-","-","0","-","-","-","-","-","-","-","","0","0"
"601","Jack Westover","TE","NE","-","-","-","-","-","-","-","-","-","-","-","0","-","BYE","-","-","-","","0","0"
"601","Baylor Cupp","TE","FA","-","-","-","-","-","-","-","-","-","-","-","-","-","0","-","-","-","","0","0"
"601","Mitchell Wilcox","TE","FA","-","-","-","-","-","-","-","-","-","0","-","-","-","-","-","-","-","","0","0"
"601","Kazmeir Allen","WR","WAS","-","-","-","-","-","-","-","-","-","-","-","0","-","BYE","-","-","-","","0","0"
"601","Kaden Davis","WR","CLE","-","-","-","-","-","-","-","-","-","BYE","-","-","-","-","-","-","-","","","0"
"601","Tony Jones Jr.","RB","FA","-","-","-","-","-","-","-","-","-","-","-","-","-","-","-","-","-","","","0"
"601","Jared Wayne","WR","HOU","-","-","-","-","-","-","-","-","-","-","-","-","0","BYE","-","0","0","","0","0"
"601","Laquon Treadwell","WR","IND","-","-","-","-","-","-","-","-","-","-","-","-","0","BYE","-","-","-","","0","0"
"601","C.J. Beathard","QB","FA","-","-","-","-","-","-","-","-","-","0","-","-","-","-","-","-","-","","0","0"
"601","Alex Erickson","WR","FA","-","-","-","-","-","-","-","-","-","-","-","-","-","-","-","0","0","","0","0"
"601","Tanner McLachlan","TE","CIN","-","-","-","-","-","-","-","-","-","-","-","BYE","-","-","-","0","0","","0","0"
"601","Jacob Kibodi","RB","FA","-","-","-","-","-","-","-","-","-","-","-","-","-","-","-","-","-","","","0"
"601","C.J. Uzomah","TE","FA","-","-","-","-","-","-","-","-","-","-","0","0","0","0","0","0","0","","0","0"
"601","Chris Oladokun","QB","KC","-","-","-","-","-","BYE","-","-","-","-","-","-","-","-","-","-","-","","","0"
"601","Nyheim Miller-Hines","RB","LAC","-","-","-","-","BYE","-","-","-","-","-","-","-","-","0","-","-","0","","0","0"
"601","Khari Blasingame","RB","FA","0","-","-","-","-","0","-","-","-","-","-","-","-","0","-","0","-","","0","0"
"601","Parker Hesse","TE","FA","0","0","0","0","-","0","0","0","-","-","-","-","-","-","-","-","-","","0","0"
"601","Jordan Matthews","TE","FA","0","0","-","-","-","-","-","-","0","-","-","-","-","-","-","-","-","","0","0"
"601","Zach Pascal","WR","NYG","0","0","0","0","0","0","0","0","0","0","BYE","0","-","0","0","-","-","","0","0"
"601","Austin Reed","QB","CHI","0","-","-","-","-","-","BYE","-","-","-","-","-","-","-","-","-","-","","0","0"
"601","Irvin Charles","WR","NYJ","-","0","0","0","0","0","0","0","0","0","0","BYE","0","-","-","-","-","","0","0"
"601","Sam Hartman","QB","WAS","0","-","-","-","-","-","-","-","-","-","-","-","0","BYE","-","-","-","","0","0"
"601","Brayden Willis","TE","SF","-","-","0","-","-","-","-","0","BYE","-","0","0","-","0","0","0","0","","0","0"
"601","Erik Ezukanma","WR","MIA","-","-","0","-","-","BYE","-","-","-","-","-","-","-","-","-","0","-","","0","0"
"601","Robert Tonyan","TE","KC","-","-","0","0","0","BYE","0","0","-","-","-","-","-","-","-","-","-","","0","0"
"601","Brenden Bates","TE","CLE","-","0","0","0","0","-","-","-","-","BYE","-","-","-","-","-","-","0","","0","0"
"601","James Winchester","TE","KC","-","-","0","-","-","BYE","-","-","-","-","-","-","-","-","-","-","0","","0","0"
"601","Keaontay Ingram","RB","KC","-","-","0","-","-","BYE","-","-","-","-","-","-","-","-","-","-","-","","0","0"
"601","Feleipe Franks","QB","ATL","0","0","0","0","0","0","0","-","-","0","-","0","0","0","0","0","0","","0","0"
"601","Jordan Travis","QB","FA","-","-","0","-","-","-","-","-","-","-","-","-","-","-","-","-","-","","0","0"
"601","Jake Luton","QB","FA","0","-","-","-","-","-","-","-","-","-","-","-","-","-","-","-","-","","0","0"
"601","Rodney Williams","TE","FA","-","-","0","-","-","0","-","0","-","-","-","-","-","-","-","-","-","","0","0"
"601","Travis Vokolek","TE","ARI","-","-","-","0","-","-","-","-","-","-","BYE","-","-","-","-","-","-","","0","0"
"601","Bryce Ford-Wheaton","WR","NYG","-","0","0","-","0","-","0","-","-","-","BYE","-","0","0","-","-","-","","0","0"
"601","Tom Kennedy","WR","DET","0","0","-","-","BYE","-","-","-","-","-","-","-","-","-","-","0","0","","0","0"
"601","Quinton Bell","WR","MIA","0","0","0","0","0","BYE","0","-","0","0","0","0","0","0","0","0","0","","0","0"
"601","Ko Kieft","TE","TB","0","0","0","0","0","0","0","0","0","0","BYE","0","0","0","0","0","0","","0","0"
"601","Brady Russell","TE","SEA","0","0","0","0","0","0","0","0","0","BYE","-","-","0","0","-","-","-","","0","0"
"601","Adam Prentice","RB","FA","0","0","0","0","0","0","0","0","0","0","0","-","0","0","0","0","0","","0","0"
"601","Chris Moore","WR","WAS","0","0","0","0","0","-","-","-","-","-","-","-","-","BYE","-","-","-","","0","0"
"601","Anthony Firkser","TE","FA","0","-","-","-","-","0","-","0","-","-","-","-","0","-","0","0","-","","0","0"
"601","Dareke Young","WR","SEA","0","-","0","0","-","-","0","0","0","BYE","-","0","-","0","0","0","0","","0","0"
"601","Skyy Moore","WR","KC","0","0","0","0","0","BYE","0","-","-","-","-","-","-","-","-","-","-","","0","0"
"601","Deonte Harty","WR","FA","0","0","0","0","-","0","-","-","-","-","-","-","-","-","-","-","-","","0","0"
"601","Jalen Guyton","WR","FA","-","0","-","-","-","-","-","-","-","-","-","-","-","-","-","-","-","","0","0"
"601","Jakob Johnson","RB","HOU","-","0","0","0","-","-","-","-","-","-","-","-","-","BYE","-","-","-","","0","0"
"601","John Kelly Jr.","RB","FA","-","0","-","-","-","-","-","-","-","-","-","-","-","-","-","-","-","","0","0"
"601","Jake Tonges","TE","SF","0","0","0","0","-","0","0","0","BYE","0","-","0","-","0","-","-","-","","0","0"
"601","Trayveon Williams","RB","FA","-","0","0","0","-","-","-","-","0","0","-","-","-","-","-","0","0","","0","0"
"601","Colson Yankoff","TE","WAS","-","0","-","0","0","-","0","-","-","-","-","-","-","BYE","-","-","-","","0","0"
"601","Javon Baker","WR","NE","-","0","-","-","-","-","-","0","0","0","0","0","0","BYE","-","0","0","","0","0"
"601","Trishton Jackson","WR","ARI","-","0","0","-","-","-","-","-","-","-","BYE","-","-","-","-","-","-","","0","0"
"601","Braxton Berrios","WR","HOU","0","0","0","0","0","-","0","-","-","-","-","-","-","BYE","-","0","0","","0","0"
"601","Gary Brightwell","RB","CIN","-","-","-","0","-","-","-","-","-","-","-","BYE","-","-","-","-","-","","0","0"
"601","Cody Thompson","WR","TB","-","-","-","-","0","-","-","-","-","-","BYE","-","-","-","-","-","-","","0","0"
"601","Jabari Small","RB","DET","-","-","-","-","BYE","0","-","-","-","-","-","-","-","-","-","-","-","","0","0"
"601","Jalen Virgil","WR","BUF","-","-","-","-","-","-","-","0","0","0","0","BYE","0","0","-","0","-","","0","0"
"601","Marquez Callaway","WR","SF","-","-","-","-","-","-","-","-","0","0","-","-","-","-","-","-","-","","0","0"
"601","Montrell Washington","WR","NYG","-","-","-","-","-","-","-","0","-","-","BYE","-","-","-","-","-","-","","0","0"
"601","Trevor Siemian","QB","FA","-","-","-","-","-","-","0","-","-","-","-","-","-","-","-","-","-","","0","0"
"601","Troy Hairston II","RB","CLE","-","-","-","-","-","-","0","0","-","BYE","-","-","-","-","-","-","-","","0","0"
"601","Jeff Driskel","QB","FA","0","0","-","-","-","-","-","-","-","-","-","-","-","-","-","-","-","","0","0"
"601","Brenden Rice","WR","LAC","-","-","-","-","BYE","-","0","-","-","-","-","-","-","-","-","-","-","","0","0"
"601","E.J. Jenkins","TE","PHI","0","0","-","-","BYE","-","-","-","0","-","-","-","-","0","0","0","0","","0","0"
"601","Evan Hull","RB","PIT","-","-","-","-","-","-","0","-","BYE","-","-","-","-","-","-","-","-","","0","0"
"601","Justin Shorter","WR","LV","-","-","-","-","-","-","0","0","0","BYE","0","0","0","-","-","-","0","","0","0"
"601","Xavier Weaver","WR","ARI","-","-","-","-","-","0","-","-","-","-","BYE","-","-","-","-","-","-","","0","0"
"601","La'Mical Perine","RB","FA","-","-","-","-","-","0","-","-","-","-","-","-","-","-","-","-","-","","0","0"
"601","Jaylen Johnson","WR","LAC","-","-","-","-","BYE","-","-","0","-","-","-","-","-","-","-","-","-","","0","0"
"601","Leroy Watson IV","TE","MIN","-","-","-","-","-","0","-","0","0","0","-","-","-","-","-","-","-","","0","0"
"601","KJ Hamler","WR","BUF","-","-","-","-","0","-","-","-","-","-","-","BYE","-","-","-","-","-","","0","0"
"601","Trent Taylor","WR","SF","-","-","-","-","0","-","-","-","BYE","-","-","-","-","-","-","-","-","","0","0"
"601","Dante Miller","RB","NYG","-","-","-","-","0","0","-","-","-","-","BYE","-","-","-","-","-","-","","0","0"
"601","Justin Hardee Sr.","WR","FA","-","-","-","-","-","-","-","-","0","-","-","0","-","-","0","-","-","","0","0"
"601","Roman Wilson","WR","PIT","-","-","-","-","-","0","-","-","BYE","-","-","-","-","-","-","-","-","","0","0"
"601","Nick Muse","TE","PHI","0","0","-","-","BYE","-","-","-","-","-","-","0","0","-","-","-","-","","0","0"
"601","D.J. Williams","RB","TB","-","-","-","-","-","0","-","-","-","-","BYE","-","-","-","-","-","-","","0","0"
"601","Equanimeous St. Brown","WR","FA","-","-","-","-","-","0","0","0","-","-","-","-","-","-","-","-","-","","0","0"
"601","Teagan Quitoriano","TE","ATL","-","-","-","-","-","0","0","0","0","0","0","0","-","-","-","-","-","","0","0"
"601","Jaren Hall","QB","FA","-","-","-","-","-","0","-","-","-","-","-","-","-","-","-","-","-","","0","0"
"601","Avery Williams","RB","PHI","0","0","0","0","0","0","0","0","0","0","0","-","0","0","0","0","0","","0","0"
"601","Andrew Beck","TE","NYJ","-","-","-","-","0","0","0","-","-","-","-","BYE","-","-","-","0","-","","0","0"
"722","Mike White","QB","BUF","-","-","-","-","-","-","-","-","-","-","-","BYE","-","-","-","-","-","","","0"
"709","Velus Jones Jr.","WR","NO","-0.1","-","-","-","-","-","-","-","-","-","-","BYE","-","-","-","-","0","","-0.1","-0.1"
"709","Jermaine Jackson","WR","FA","-","-","-","-","-","-","0","0","-0.1","0","-","-","-","-","-","-","-","","0","-0.1"
"711","Kyle Trask","QB","TB","-0.2","-","-","-","-","-","-","-","-","-","BYE","-","0.2","-","0","-","-0.2","","-0.1","-0.2"
"711","Jarrett Stidham","QB","DEN","-","-","-","-","-","-","-0.2","-","-","-","0","-","-","BYE","-","-","-","","-0.1","-0.2"
"711","Brycen Tremayne","WR","CAR","-","-","-","-","-0.2","-","-","-","-","-","BYE","-","-","-","-","-","0","","-0.1","-0.2"
"711","Jake Browning","QB","CIN","-","-","-","-","-","-","-","0","-0.1","-","-","BYE","-","-","-","-0.1","-","","-0.1","-0.2"
"715","Tyson Bagent","QB","CHI","-","-","-","-","-0.4","-0.3","BYE","-","-","-","-","-","-","0.2","0.2","-","-","","-0.1","-0.3"
"716","Dylan Laube","RB","LV","-","-","-","-","-","-2","-","-","-","BYE","-","0","0","-","0","-","0","","-0.4","-2"
"716","Steven Sims Jr.","WR","SEA","0","0","0","-2","-","0","-","-","0","0","-","-","-","-","-","-","0","","-0.3","-2"
"718","Clayton Tune","QB","ARI","-","-2.6","-","-","-","-","0.2","-","0","-0.1","BYE","-","-","-","0.2","-","-","","-0.5","-2.3"
"719","Kadarius Toney","WR","FA","-","-","-","-","-","-","-","-","-","-","-0.7","-","0.3","-2","-","-","-","","-0.8","-2.4"
"720","Jha'Quan Jackson","WR","TEN","0","0","0","0","BYE","0","0","0","0.3","0","0","-2","-2","-","-","-","-","","-0.3","-3.7"
"721","Dee Williams","WR","NYG","-2","0","0","0","0","0","0","-2","0","-","0","0","-2","-","0","-","-","","-0.5","-6"