#,Player,Pos,Team,1,2,3,4,5,6,7,8,9,10,11,12,13,14,15,16,17,18,AVG,TTL
1,JOSH ALLEN,QB,BUF,12,23.7,22.3,36.5,28.8,14.9,25.3,30.1,25.7,16.4,23.5,40.7,BYE,21.5,16.2,26,22.2,,24.1,385.6
2,JALEN HURTS,QB,PHI,12.5,26.2,21.9,24.2,28.3,22.9,24.3,27.4,25.9,BYE,19.9,35.5,23.9,8.9,23.9,24.4,20.2,,23.1,370.2
3,LAMAR JACKSON,QB,BAL,7.6,22.9,28.2,28.1,10.9,18.1,33.9,12,11.5,15,24,15,BYE,32.6,19.5,22.6,36.3,,21.1,338.2
4,DAK PRESCOTT,QB,DAL,6.3,19.6,15.4,14.3,7.3,24.9,BYE,29.1,28.4,38.9,16.2,32.2,28.3,17.9,7.1,18.6,21.3,,20.4,325.7
5,CHRISTIAN MCCAFFREY,RB,SF,22.9,19.5,17.9,41.7,11.8,11.2,19.6,23.8,BYE,14.2,16.3,25.9,19.3,15.3,36.7,19.1,9.1,,20.3,324.3
6,JORDAN LOVE,QB,GB,23,20.3,25.3,19.6,8,BYE,16.3,15.6,13.8,18.7,20.9,26.6,23.7,9.9,17.5,24,28.4,,19.5,311.5
7,BROCK PURDY,QB,SF,16.8,14.7,20.3,21.3,26.1,8.7,14.8,20.3,BYE,23.8,26.7,11.5,29.5,22.4,25.7,6.4,17.6,,19.2,306.6
8,PATRICK MAHOMES,QB,KC,20.5,22.2,25.7,15.2,19.2,18.3,34.9,7.6,15.8,BYE,17.9,20.8,14,14.6,17.7,17.7,12,,18.4,294.2
9,JARED GOFF,QB,DET,14,23.9,19,12.4,27.4,22.4,10.4,13.7,BYE,21.1,16.7,18.2,16.3,6.4,31.1,14.3,12.8,,17.5,280.3
10,BAKER MAYFIELD,QB,TB,16,18.4,11,23.9,BYE,7.8,17.2,21.4,19,19.3,11.3,14.4,10.9,20.1,29,19.8,18.3,,17.4,277.9
11,TUA TAGOVAILOA,QB,MIA,28.1,13.3,28.4,15,18.9,22.5,11.3,22.8,12.4,BYE,18.6,9.8,19.2,9.1,13,15.5,16.9,,17.2,274.7
12,SAM HOWELL,QB,MIN,16.2,21.3,4.6,19.6,26.4,18.3,10.5,32,18.7,24.2,20.7,18.3,20.2,-,9.3,0.2,8.7,,16.8,269.1
13,RUSSELL WILSON,QB,NYG,15.2,26.9,15.2,22.2,18.7,8.9,13.9,17.6,-,18.7,14.5,16.8,18.8,16.5,17.5,23.5,-,,17.7,264.9
14,CJ STROUD,QB,HOU,9.7,21.5,20.6,21.8,14.2,15.2,BYE,12.9,41.8,20,18.3,30.9,16.1,3.6,-,-,12.9,,18.5,259.5
15,TREVOR LAWRENCE,QB,JAC,18.7,9.2,15.4,16.5,15.7,15.7,18.1,15.7,BYE,4.1,32.2,25.6,25.1,20.4,14.7,11.3,-,,17.2,258.3
16,MATTHEW STAFFORD,QB,LAR,14.5,16,13.5,17.2,16.9,13.2,15,12.4,-,BYE,10.7,24.4,23,23.7,18.5,20.7,14.6,,16.9,254.1
17,CEEDEE LAMB,WR,DAL,7.7,14.3,6.2,10.8,4.9,11.7,BYE,29,17.1,28.5,10.5,13.3,20.6,13.1,11.6,19.2,27.2,,15.4,245.7
18,TYREEK HILL,WR,MIA,33.5,10,21.7,7.2,24.1,22.3,14.8,17.2,4.5,BYE,20.6,16.4,27.3,6.1,-,9.9,7.6,,16.2,243.2
19,RAHEEM MOSTERT,RB,LV,11,24.7,38.2,2.5,13.8,31.2,5.1,10.6,14.5,-,9.3,21.4,11.1,22,16.3,11,-,,16.2,242.7
20,JUSTIN HERBERT,QB,LAC,20.9,22.2,29.3,24.4,BYE,19.1,12.9,24,7.1,29.4,25.7,14.4,8,2.8,-,-,-,,18.5,240.2
21,JUSTIN FIELDS,QB,NYJ,15.5,16.7,11.7,28.9,33,5.9,BYE,-,-,-,21.2,10.6,-,24.7,11.6,25.5,25.2,,19.2,230.6
22,KYREN WILLIAMS,RB,LAR,17.4,22,6.5,24.7,5.7,21.8,-,-,-,BYE,-,32.4,17.2,11.3,19.5,16.4,28.1,,18.6,223.0
23,DEREK CARR,QB,FA,15.6,7.7,8.1,3.2,15.7,17.3,18.4,18.3,16.7,5.4,-,11.9,9.9,11.8,20.3,26,15.6,,13.9,222.0
24,TRAVIS ETIENNE,RB,JAC,16.4,4.2,13.8,7.2,32.4,20.3,19.7,22.9,BYE,4.4,5.9,8.6,13.9,13.2,5.9,3.1,23.8,,13.5,215.7
25,GENO SMITH,QB,LV,9.1,23.1,16.4,8.2,-,13,14.8,15.9,3.7,24.1,13.2,8.3,31,-,-,17.3,16.9,,15.4,214.9
26,JOSHUA DOBBS,QB,NE,1,25.2,17.1,23.4,10.7,11.1,16.1,24.9,24.9,25.1,17.9,8.5,-,4.6,-,-,-,,16.2,210.7
27,MIKE EVANS,WR,TB,12.6,23.1,12,4,BYE,4.9,14.2,9.9,8.7,20.3,10.3,19,22.2,0.8,11.7,20.6,7,,12.6,201.3
28,DERRICK HENRY,RB,BAL,11.9,15.5,2,23.4,6.2,17.3,-,12.2,16.2,2,4.4,19.6,24,17.1,1,20.4,4.2,,12.3,197.4
29,GARDNER MINSHEW,QB,KC,0,11.1,13.1,-,6.3,12.6,28.1,15.8,9.6,6.7,-,15.6,18.7,15.1,20.6,10.1,13.3,,13.1,196.7
30,RACHAAD WHITE,RB,TB,4.9,16.3,4.2,7.8,BYE,3.8,9.9,10.9,23.9,15.8,11.8,11,16.6,19.5,19.9,13.7,4.6,,12.2,194.6
31,AMON-RA ST BROWN,WR,DET,13.1,8.2,10.6,11.6,-,18.4,10.2,10.8,BYE,22.5,13.7,9.5,10.9,2.1,17.2,16.6,16.1,,12.8,191.5
32,JOE MIXON,RB,HOU,7.3,9.5,13,7.6,9.4,6.2,BYE,17,12.8,10.5,16,6,23.7,18.5,12.1,7,14.7,,12.0,191.3
33,BREECE HALL,RB,NYJ,14.7,0.9,2.7,6.9,25.4,15.3,BYE,15.3,6,7.5,13.3,4.9,4.5,18.6,1.8,31.1,18.6,,11.7,187.5
34,AJ BROWN,WR,PHI,7.9,2.9,13.1,29.5,12.7,13.1,19.7,25,12.6,BYE,0.8,9.7,11.4,7.4,5.6,8,5.3,,11.5,184.7
35,DJ MOORE,WR,CHI,2.5,10.4,10.1,19.1,41,5.1,5.4,5.5,2.4,5.9,15.6,11.4,BYE,20.8,5.2,1.8,21.9,,11.5,184.1
36,JAMES COOK,RB,BUF,6.3,15.9,11.2,13.7,2.1,7.1,16.2,7.3,3.9,10,16.2,10,BYE,20.1,34.1,5,4.4,,11.5,183.5
37,PUKA NACUA,WR,LAR,11.9,15.1,7.2,22.3,13.1,2.6,15.4,4.3,3.2,BYE,13.7,2.7,19.9,9,5.3,24,13.7,,11.5,183.4
38,DAVID MONTGOMERY,RB,DET,13.4,11.4,-,32.1,18.9,3.3,-,-,BYE,17.6,15.8,15.1,11.5,8.5,8.2,12.9,12.5,,13.9,181.2
39,JAHMYR GIBBS,RB,DET,6,5.6,8.2,5.1,-,-,18.6,24.9,BYE,23.2,15.5,7.3,5.4,14.2,22.8,20,4.3,,12.9,181.1
40,DEEBO SAMUEL,WR,WAS,6.3,16.1,19.1,0.6,8.5,1.1,-,-,-,11.9,6.2,15.4,31.8,27,17.9,5.4,13.2,,12.9,180.5
41,GUS EDWARDS,RB,FA,5.2,12.2,5.1,4.9,4.8,5.3,20.4,27.4,17.2,8.8,19,3.7,-,1.5,12.9,13,10.8,,10.8,172.2
42,BRANDON AIYUK,WR,SF,24.9,4.3,-,14.8,5.8,7.6,5.7,10.9,BYE,11.5,21.6,11,10.6,10.6,3.7,11.3,17.4,,11.4,171.7
43,DESMOND RIDDER,QB,CIN,7.9,22.4,6.3,8.2,26.2,19.1,13.8,3.4,-,8.7,-,11.7,8.8,26.4,8.9,-,-0.3,,12.3,171.5
44,BRANDON AUBREY,K,DAL,10,18,11,12,6,8,BYE,13,7,7,9,9,15,22,4,9,11,,10.7,171.0
45,KEENAN ALLEN,WR,FA,8.2,23.1,27.5,9.2,-,14.5,5.5,6.9,7.7,29.5,17.6,8.6,5.8,6.8,-,-,-,,13.1,170.9
46,ISIAH PACHECO,RB,KC,5.4,7,13.8,21.8,12.4,9.8,12,3.7,6.6,BYE,9.1,20.9,18.3,-,-,6.6,22.5,,12.1,169.9
47,BIJAN ROBINSON,RB,ATL,14.3,17.2,6,13.7,9.8,8,0.3,12.2,3.9,16.6,BYE,24.3,7.9,14.8,-0.6,12.2,8.6,,10.6,169.2
48,BALTIMORE RAVENS,DST,BAL,11,3,7,17,6,11,14,6,15,14,6,15,BYE,7,9,15,10,,10.4,166.0
49,JEROME FORD,RB,CLE,1.6,21.1,17.1,4.5,BYE,9.1,15.4,3.9,7.7,10.9,9.9,7.9,11.2,8.2,3.1,8.3,24.1,,10.3,164.0
50,KENNETH WALKER,RB,SEA,6.7,17.4,27.6,13.9,BYE,14.9,11.1,7,1.7,18.7,1.6,-,-,5.4,17.2,5.6,13.5,,11.6,162.3
51,BRYCE YOUNG,QB,CAR,9.5,13.5,-,7.2,20.3,12.7,BYE,14.5,12,9.2,6.2,8.1,8.1,7.5,7.6,22.2,3.7,,10.8,162.2
52,DALLAS COWBOYS,DST,DAL,37,15,1,27,-1,4,BYE,15,2,8,21,16,-1,11,0,1,6,,10.1,162.0
53,JAMARR CHASE,WR,CIN,4.1,3.1,14.1,7.3,37.2,8,BYE,15.2,4.1,18.4,7.2,8.1,20.6,2.9,6.4,-,4.1,,10.7,160.8
54,SAQUON BARKLEY,RB,PHI,6.3,21.2,-,-,-,9.8,15.8,12.8,11.3,6.1,26,5.2,-,20.1,3.7,16.4,5.8,,12.3,160.5
55,DANDRE SWIFT,RB,CHI,0.3,24.1,13.8,13.9,10.8,9.8,7.5,12.4,7.4,-,16.7,8.4,2,3.9,7.5,15.2,6.6,,10.0,160.3
56,DK METCALF,WR,PIT,10.7,7.5,11.2,9.4,-,6.9,-,6.7,5,9.8,15.4,3.2,31.4,11.2,7.8,11.6,10.6,,10.6,158.4
57,STEFON DIGGS,WR,NE,16.2,6.6,11.1,30,16.1,10,11.8,7,16.6,3.4,2.7,13.4,-,2.4,4.8,2.9,3.1,,9.9,158.1
58,ALVIN KAMARA,RB,NO,-,-,-,8.4,15.7,10.4,17.3,23,7,11.5,BYE,11.9,22.9,10.5,11,3.5,4.9,,12.2,158.0
59,JUSTIN TUCKER,K,FA,5,11,7,4,4,19,8,8,14,7,11,10,-,12,12,16,8,,9.8,156.0
60,AMARI COOPER,WR,FA,3.7,9,17.6,1.6,-,10.8,2.2,8.9,19.9,9.8,3.4,1.6,3.4,5.7,16.9,40.5,-,,10.3,155.0
61,NICO COLLINS,WR,HOU,8,20.6,3.4,28.8,3.9,8,BYE,3,11.4,-,6.5,16.4,25.1,1.3,-,9.8,8.7,,11.1,154.9
62,KIRK COUSINS,QB,ATL,17.5,28.6,26.7,11.6,19.9,8.7,22,19.9,-,-,BYE,-,-,-,-,-,-,,19.3,154.7
63,BRIAN ROBINSON,RB,WAS,12.6,26.9,7,11.1,4.3,11.6,8.3,7.9,10.7,21.7,13.2,6.4,5.3,BYE,-,-,7.6,,11.0,154.6
64,JOE BURROW,QB,CIN,3.2,16.4,9.2,4.7,24.4,14.8,BYE,27.6,22.3,21.9,8.7,-,-,-,-,-,-,,15.3,153.2
65,TONY POLLARD,RB,TEN,20.2,12.9,12.1,6,4.4,11,BYE,5.5,6.3,5.5,14,16.3,14.3,9.6,5.7,4.3,4.9,,9.6,153.0
65,CLEVELAND BROWNS,DST,CLE,9,7,12,4,BYE,6,16,5,23,15,7,3,-1,12,13,7,15,,9.6,153.0
67,JAKE ELLIOTT,K,PHI,18,12,11,18,11,2,7,10,4,BYE,3,9,7,10,5,17,8,,9.5,152.0
68,DAVANTE ADAMS,WR,LAR,6.6,14.4,29.2,7.5,4.5,2.9,5.7,1.1,3.4,8.6,14.2,7.3,-,5.3,16.1,0.4,24.6,,9.5,151.8
69,DEVON ACHANE,RB,MIA,-,0.9,47.3,24,20.5,-,-,-,-,BYE,0.5,-,22.3,7.1,6.2,3.1,19.7,,15.2,151.6
70,JASON MYERS,K,SEA,8,7,18,6,BYE,9,9,6,3,21,15,9,5,5,9,8,13,,9.4,151.0
71,DUSTIN HOPKINS,K,CLE,12,9,12,5,BYE,17,22,8,10,14,7,6,8,9,8,2,-,,9.9,149.0
72,JAMES CONNER,RB,ARI,7,16.6,17.6,5.6,4.6,-,-,-,-,7.3,6.3,3.2,22.5,BYE,14.9,17.2,25.3,,12.3,148.1
73,NAJEE HARRIS,RB,LAC,3.3,4.3,6.5,10.3,4,-,12.8,5.5,13.6,15.6,3.6,15.9,7.7,4.8,1.3,13.8,24.2,,9.2,147.2
74,BUFFALO BILLS,DST,BUF,5,10,32,9,9,7,2,6,1,6,21,2,BYE,6,9,5,17,,9.2,147.0
74,CAIRO SANTOS,K,CHI,7,7,4,4,17,9,8,1,5,12,17,14,BYE,11,6,10,15,,9.2,147.0
76,DEVONTA SMITH,WR,PHI,10.7,19.1,2.8,7.8,0.6,4.4,4.9,15.9,11.1,BYE,9.9,16.6,15.6,5.3,5,13.9,3,,9.2,146.6
77,MATT GAY,K,WAS,3,8,24,1,12,10,8,10,11,6,-,10,14,0,13,4,12,,9.1,146.0
77,HARRISON BUTKER,K,KC,8,5,12,11,10,17,7,11,3,BYE,6,7,7,5,11,2,24,,9.1,146.0
79,GEORGE PICKENS,WR,DAL,3.6,18.7,7.5,2.5,20.6,-,10.7,8.2,-0.1,4.5,3.7,5.8,8.6,1.9,4.7,31.5,13.1,,9.1,145.5
80,SAM LAPORTA,TE,DET,3.9,6.3,14.4,5.6,16.7,3.6,5.2,11.7,BYE,4,3.8,12.7,20,2.7,23.6,1.8,8.4,,9.0,144.4
81,JOSH JACOBS,RB,GB,7.1,4.9,8,19.9,14.9,9.3,4.1,14.8,21.8,10.7,5.1,18.5,-,5,-,-,-,,11.1,144.1
82,JASON SANDERS,K,MIA,14,6,10,2,8,6,6,7,2,BYE,11,12,10,9,12,22,7,,9.0,144.0
83,MIAMI DOLPHINS,DST,MIA,2,9,8,-2,11,5,12,6,5,BYE,12,21,12,12,24,7,-1,,8.9,143.0
84,JAYDEN REED,WR,GB,4.6,15.7,6.3,7.5,0.7,BYE,8.1,8.3,4,14.4,15.2,11,1.6,12.5,11.2,-,20.9,,9.5,142.0
85,ZACK MOSS,RB,FA,-,16.7,20.5,9,31.5,11.9,6.2,13.4,2.6,0.2,-,7,5.7,5.6,9.3,-,-,,10.7,139.6
86,JORDAN ADDISON,WR,MIN,12.1,13.2,5.2,0,12.4,8.8,24.3,14.4,5.2,6.9,4.4,3.9,BYE,2.7,23.1,0.2,2.8,,8.7,139.6
87,NEW YORK JETS,DST,NYJ,20,0,4,7,18,11,BYE,8,5,8,2,13,9,12,2,8,12,,8.7,139.0
88,MICHAEL PITTMAN,WR,IND,15.7,5.6,7.7,3.5,5.2,10.9,14.3,10,6.4,8.4,BYE,10.7,16.5,11.5,7.8,-,4.6,,9.3,138.8
89,GEORGE KITTLE,TE,SF,1.9,3,9,0.9,24.7,0.1,8,14.9,BYE,17.6,14.9,1.9,6.8,13.6,5.4,12.6,2.9,,8.6,138.2
90,BLAKE GRUPE,K,NO,12,8,5,10,14,9,11,8,8,4,BYE,19,4,4,8,2,12,,8.6,138.0
90,LAS VEGAS RAIDERS,DST,LV,3,-2,1,4,12,9,4,13,19,8,8,0,BYE,12,25,21,1,,8.6,138.0
90,DEANDRE HOPKINS,WR,BAL,6.5,4,4.8,6.3,14,2,-,30.8,6.5,2.7,11.9,4.9,13.9,18.4,2.1,2,7.2,,8.6,138.0
93,CALVIN RIDLEY,WR,TEN,16.1,3.2,4,9.8,13.6,2.6,0.5,8.3,-,2,24.1,16.9,3.3,5.3,3.9,19.8,3.9,,8.6,137.3
94,BRANDON MCMANUS,K,GB,8,10,5,14,6,17,8,16,-,3,10,14,8,3,1,0,14,,8.6,137.0
94,SAN FRANCISCO 49ERS,DST,SF,13,5,8,2,16,7,2,4,BYE,20,9,14,4,9,12,3,9,,8.6,137.0
96,CAMERON DICKER,K,LAC,12,10,4,6,BYE,5,7,16,11,9,8,4,6,1,3,21,13,,8.5,136.0
97,NEW ORLEANS SAINTS,DST,NO,10,7,10,3,24,5,4,4,13,1,BYE,5,0,21,14,0,14,,8.4,135.0
97,INDIANAPOLIS COLTS,DST,IND,11,9,9,3,4,1,5,-1,26,16,BYE,11,17,7,14,0,3,,8.4,135.0
99,CHUBA HUBBARD,RB,CAR,6.9,5,0.4,5.3,3.5,15,BYE,5.4,6.7,3.9,6.5,15.2,22.4,9.6,10.3,11.1,7.1,,8.4,134.3
100,KYLER MURRAY,QB,ARI,-,-,-,-,-,-,-,-,-,18.3,22.7,20.4,11.8,BYE,15.3,20.4,24.7,,19.1,133.6
101,RASHEE RICE,WR,KC,8.6,2,5.9,3.2,9.3,7.2,12,5.6,7.7,BYE,4.2,16.7,6.4,11.2,15.1,5.7,12.7,,8.3,133.5
102,YOUNGHOE KOO,K,ATL,7,13,7,1,7,5,13,12,19,5,BYE,6,8,5,1,19,5,,8.3,133.0
102,GREG ZUERLEIN,K,FA,11,-,6,4,18,14,-,7,8,16,0,1,7,17,0,14,10,,8.9,133.0
104,CHRIS OLAVE,WR,NO,11.2,8.6,10.4,0.4,7.2,9.6,5.7,4.6,10.6,15.4,BYE,11.4,11.9,8.8,-,14.3,2.6,,8.8,132.7
105,JAYLEN WARREN,RB,PIT,1.8,8.6,5.2,5.5,7.9,BYE,9.1,3.8,11.3,17,20.5,4.2,5.5,4,6.8,5.4,15.8,,8.3,132.4
106,EVAN MCPHERSON,K,CIN,4,6,19,3,12,7,BYE,9,6,11,10,5,13,10,9,3,5,,8.3,132.0
107,JAKE BROWNING,QB,CIN,-0.1,-,-,-,-,-,BYE,-,-,-,10.7,13,25.7,24.7,20,16.4,21.1,,16.4,131.4
108,COURTLAND SUTTON,WR,DEN,9.2,6.6,11.1,8.7,1.3,10.6,13.6,8.9,BYE,9.3,12.6,6.1,13.7,12.2,7.1,0,-,,8.7,131.0
108,PITTSBURGH STEELERS,DST,PIT,4,26,11,-1,18,BYE,5,10,7,8,7,10,2,4,4,13,3,,8.2,131.0
110,TYLER BASS,K,BUF,13,8,15,14,2,2,5,6,4,2,17,12,BYE,8,7,6,9,,8.1,130.0
111,AUSTIN EKELER,RB,WAS,22.4,-,-,-,-,6.2,4.6,16.3,19,17.5,5,4.4,2.7,16,3.8,8.6,3,,10.0,129.5
112,ZAY FLOWERS,WR,BAL,8.7,6.8,5,5,7.3,11.1,7.5,1.9,1.1,7.3,5,18.2,BYE,14,0.7,13.2,16.6,,8.1,129.4
113,JAKE MOODY,K,SF,14,14,12,5,6,5,7,5,BYE,10,9,7,6,4,10,6,9,,8.1,129.0
114,JAKOBI MEYERS,WR,LV,20.1,-,8.5,3.3,13.5,12.1,11,1.9,11.5,2.1,4.9,14.1,BYE,2.5,13.7,4.2,5.6,,8.6,129.0
115,CHRIS BOSWELL,K,PIT,1,12,15,6,11,BYE,8,4,8,13,4,11,4,6,1,12,12,,8.0,128.0
116,WIL LUTZ,K,DEN,4,9,8,9,7,0,15,6,BYE,15,17,9,5,6,5,1,11,,7.9,127.0
116,NICK FOLK,K,NYJ,18,10,4,11,12,10,BYE,4,11,6,2,7,9,8,5,5,5,,7.9,127.0
116,HOUSTON TEXANS,DST,HOU,8,-1,13,12,4,10,BYE,7,0,8,8,2,10,5,13,7,21,,7.9,127.0
119,ZACH WILSON,QB,MIA,9.2,11.4,6.4,19.2,9.6,10.9,-,12.1,7.2,14.9,7.7,-,-,19.2,-1,-,-,,10.6,126.9
120,ADAM THIELEN,WR,CAR,1.2,13.4,20.5,8.2,16.7,17.5,BYE,7.2,2.9,4.2,7.4,0.2,2.5,7.4,4.3,9.4,3.8,,7.9,126.8
121,JAYLEN WADDLE,WR,MIA,7.8,8.4,-,4.6,9.5,11.1,6.3,18.1,5.4,BYE,5.5,11.4,5.2,7.9,20.2,5.2,-,,9.0,126.6
122,TRAVIS KELCE,TE,KC,-,8.6,12.9,6,12.7,12.4,23.9,5.8,1.4,BYE,8.4,9.1,8.1,8.3,2.8,4.4,1.6,,8.4,126.4
123,CHASE MCLAUGHLIN,K,TB,10,9,3,10,BYE,6,7,6,16,8,2,8,3,11,11,14,1,,7.8,125.0
123,MINNESOTA VIKINGS,DST,MIN,2,5,2,17,2,21,8,10,5,8,2,11,BYE,20,7,4,1,,7.8,125.0
125,DEVIN SINGLETARY,RB,NYG,1.5,2.4,4.5,7.8,0,6.2,-,4.3,2.6,22.1,17.8,7.2,4,12.5,17,6.3,8.6,,7.8,124.8
126,TERRY MCLAURIN,WR,WAS,3.1,11.4,4.1,14.6,4.9,8.1,9,12.3,7.3,3.3,4.3,5,0,BYE,20.1,5,12.1,,7.8,124.6
127,TJ HOCKENSON,TE,MIN,3.5,18.6,5.8,2.4,5.1,5,8.6,14.8,6.9,19.4,5.5,11,BYE,5.3,6.3,5.8,-,,8.3,124.0
128,MATT PRATER,K,FA,12,9,13,4,2,11,5,5,0,18,6,0,8,-,14,6,9,,7.6,122.0
129,CHRIS GODWIN,WR,TB,5.1,5.8,5.2,11.4,BYE,7.7,6.6,12.8,1.6,5.4,3.9,4.5,7.9,5.3,15.5,7.9,14.1,,7.5,120.7
130,DAVID NJOKU,TE,CLE,2.4,2.8,2,4.6,BYE,2.4,5.4,13.7,8.6,5.8,5.6,5.9,1.7,21.1,16.4,10.4,11.4,,7.5,120.2
131,ANDERS CARLSON,K,FA,10,6,4,8,7,-,5,4,8,7,5,6,11,11,8,11,9,,7.5,120.0
132,KANSAS CITY CHIEFS,DST,KC,4,10,11,5,6,14,10,10,12,BYE,7,2,2,6,7,6,7,,7.4,119.0
133,JAVONTE WILLIAMS,RB,DAL,5.7,5.8,6.5,0.9,-,7.2,9.6,15.8,-,17,5.3,7.1,7,15.1,2,7.9,5.8,,7.9,118.7
134,MAC JONES,QB,SF,25.1,14.7,13.3,2.7,0.4,6.9,20,13.2,12.1,8.3,-,1.6,-,-,-,-,-,,10.8,118.4
135,NATHANIEL DELL,WR,HOU,3.4,13.2,20.5,2.9,5.3,-,BYE,3.1,23.6,12.9,20.9,12.2,0,-,-,-,-,,10.7,118.0
136,JACKSONVILLE JAGUARS,DST,JAC,11,8,-4,20,5,12,9,11,BYE,1,7,4,3,6,5,1,18,,7.3,117.0
137,GABRIEL DAVIS,WR,FA,3.2,15.2,9.3,12.1,16,0.1,0.6,14.7,0,7.6,0,16.5,-,0,0,19,2.1,,7.3,116.4
138,TYLER ALLGEIER,RB,ATL,21.4,4.8,2.9,1.2,6,5.1,11.2,3.1,9,3.8,BYE,6.4,2.6,4,5.1,14.8,14.8,,7.3,116.2
139,TAMPA BAY BUCCANEERS,DST,TB,9,17,5,13,BYE,4,6,4,1,13,4,4,7,7,5,16,1,,7.3,116.0
139,CHICAGO BEARS,DST,CHI,0,2,0,1,10,10,17,1,0,7,9,14,BYE,14,17,3,11,,7.3,116.0
141,EZEKIEL ELLIOTT,RB,FA,2.3,1.3,8.7,2.2,3.8,10.9,9.1,3.6,3.2,8.8,-,5.2,9.2,20,4.6,12,10.5,,7.2,115.4
141,ROMEO DOUBS,WR,GB,14.6,3,13.3,9.5,0.4,BYE,9,7.8,3.6,9.1,11.3,3.7,7.2,3.2,3,13.9,2.8,,7.2,115.4
143,DENVER BRONCOS,DST,DEN,3,0,2,13,8,5,3,17,BYE,8,9,16,5,14,-2,5,9,,7.2,115.0
144,AIDAN OCONNELL,QB,LV,-,-,-,10.8,-,-,6,-,8.4,9.4,12.1,13.9,BYE,6,25.9,2.1,20.3,,11.5,115.0
145,GARRETT WILSON,WR,NYJ,9.4,14.3,4.8,6,5.4,9,BYE,10.6,6,9.3,-1.1,10.4,5,11.1,2.9,6.8,4.9,,7.2,114.8
146,KENNY PICKETT,QB,CLE,11.7,11.3,18.5,4.5,12.4,-,15.2,3.9,10.3,6.6,5.1,11.6,3.1,-,-,-,-,,9.5,114.2
147,NEW YORK GIANTS,DST,NYG,-1,-1,1,3,12,5,14,12,-1,0,23,12,BYE,8,1,10,16,,7.1,114.0
148,JONATHAN TAYLOR,RB,IND,-,-,-,-,3.4,6.5,18,9.7,12.9,13.5,BYE,21.1,-,-,-,10.3,16.4,,12.4,111.8
149,DANIEL CARLSON,K,LV,5,5,4,5,5,13,7,2,14,14,8,5,BYE,0,9,6,9,,6.9,111.0
150,JUSTIN JEFFERSON,WR,MIN,15,13.9,20.9,20.5,2.8,-,-,-,-,-,-,-,BYE,2.7,8.4,20.1,5.9,,12.2,110.2
151,GREG JOSEPH,K,SF,5,4,6,3,9,11,12,6,11,10,8,4,-,3,6,6,6,,6.9,110.0
151,CINCINNATI BENGALS,DST,CIN,7,6,11,5,16,12,BYE,9,6,6,2,5,3,11,7,0,4,,6.9,110.0
153,BRANDIN COOKS,WR,NO,2.2,-,1.7,2.7,1.3,11,-,11.2,0.7,23.3,4.2,13.2,12.5,3.7,1,8.3,12,,7.3,109.0
153,EDDY PINEIRO,K,FA,5,13,11,9,6,3,-,10,8,7,5,6,4,7,9,6,-,,7.3,109.0
155,JOE FLACCO,QB,CLE,-,-,-,-,BYE,-,-,-,-,-,-,-,17.2,21.3,19.9,26.8,23.7,,21.8,108.8
156,TYLER LOCKETT,WR,TEN,1,17.9,5.4,5.4,-,9.4,3.8,14.1,3.2,15.2,5.1,3,4.7,8.9,2.1,8.1,1,,6.8,108.3
157,RHAMONDRE STEVENSON,RB,NE,8.9,12,6.2,4,2.4,13,8.5,5,18.9,10.2,BYE,16.7,1.9,-,-,-,-,,9.0,107.7
158,KAIMI FAIRBAIRN,K,HOU,9,8,13,12,15,8,BYE,1,6,-,-,-,-,-,17,2,16,,9.7,107.0
158,SEATTLE SEAHAWKS,DST,SEA,1,13,3,30,BYE,6,8,10,1,5,4,8,0,6,5,7,0,,6.7,107.0
160,WILL LEVIS,QB,TEN,-,-,-,-,-,-,BYE,26.6,9.7,7,12.5,7.1,11.5,17.6,15.5,-,-1.4,,11.8,106.0
160,GREEN BAY PACKERS,DST,GB,15,3,5,3,9,BYE,2,7,12,1,5,15,6,4,6,1,12,,6.6,106.0
160,NEW ENGLAND PATRIOTS,DST,NE,6,5,9,3,1,3,5,5,8,6,BYE,12,7,5,7,15,9,,6.6,106.0
163,COOPER KUPP,WR,SEA,-,-,-,-,11.8,20.8,4.9,2.1,4.8,-,1.1,1.8,9.9,17.5,17.1,4.9,8.7,,8.8,105.4
164,LOS ANGELES CHARGERS,DST,LAC,0,5,8,14,BYE,8,4,9,27,-4,3,3,17,4,-3,7,3,,6.6,105.0
165,COLE KMET,TE,CHI,4.4,3.8,2.2,20.6,10.2,0.9,0,7.9,17.5,4.6,2,4.3,BYE,6.6,8.3,10.7,0,,6.5,104.0
166,KAREEM HUNT,RB,KC,-,-,3.5,1.2,-,13.1,15.1,12.7,9.8,9.2,3.7,2.2,4.8,9,2,7.6,9.1,,7.4,103.0
167,TAYSOM HILL,TE,NO,0.4,7.7,2.1,2.2,2,5.3,12.8,21.5,16.6,2.3,BYE,6.1,13.4,-,0.5,0.2,9.5,,6.8,102.6
168,EVAN ENGRAM,TE,DEN,4.9,5.7,6.7,5.9,2.8,4.1,4.5,6.8,BYE,1.2,2.9,4.9,14.2,21.5,2.8,7.5,6,,6.4,102.4
169,DRAKE LONDON,WR,ATL,0,12.7,3.1,8.8,8.7,12.5,5.4,5.5,-,3.6,BYE,9.1,0.8,19.2,2.4,3.9,5.6,,6.8,101.3
170,ALEXANDER MATTISON,RB,MIA,10.4,1.9,12.5,9.8,10.6,7.2,4.2,3.3,15.3,3.3,6,6.3,-,6.6,-,-0.1,3,,6.7,100.3
171,ATLANTA FALCONS,DST,ATL,12,1,3,3,1,5,11,3,9,4,BYE,12,17,1,7,12,-1,,6.3,100.0
172,JAKE FERGUSON,TE,DAL,1.1,7.1,4.8,7.7,2.8,1.5,BYE,10.7,15.1,8.6,3.2,3.5,13.7,7.2,4.4,4.5,3.3,,6.2,99.2
173,JOEY SLYE,K,TEN,8,11,5,7,8,6,1,9,8,10,8,5,1,-,2,4,5,,6.1,98.0
173,DETROIT LIONS,DST,DET,9,0,16,10,7,10,-2,12,BYE,-2,6,0,5,4,5,12,6,,6.1,98.0
175,RASHID SHAHEED,WR,NO,14,6.3,6,3.3,2.8,16.3,3.2,21.3,2.2,2.4,BYE,0.9,-,0,3.6,13.4,1.4,,6.5,97.1
176,PHILADELPHIA EAGLES,DST,PHI,13,7,12,4,5,6,10,2,7,BYE,6,4,-2,10,3,4,5,,6.0,96.0
177,TOMMY DEVITO,QB,NYG,-,-,-,-,-,-,0,7.2,10.7,14.5,22.5,10.2,BYE,17.4,10.7,2.7,-,,10.7,96.0
178,AJ DILLON,RB,PHI,3.6,6.3,3.3,1.1,13.6,-,9.5,5.2,4.3,8.1,6.1,8.1,8.7,7.8,-,7.2,2.7,,6.4,95.6
179,TEE HIGGINS,WR,CIN,0,20.9,2.1,1.9,-,2,BYE,6.9,11,-,-,-,3.6,7.2,18.1,20,1.9,,8.0,95.6
180,TENNESSEE TITANS,DST,TEN,9,3,5,12,1,5,BYE,8,1,6,0,10,7,9,13,4,2,,5.9,95.0
181,CHRISTIAN KIRK,WR,HOU,0.9,11,11.4,8.4,8.4,10.9,13,4.6,-,8.4,4.8,8.9,2.6,-,-,-,-,,7.8,93.3
182,CURTIS SAMUEL,WR,BUF,6,3.2,5.4,11.2,12.5,10.2,2.5,2.2,-,0.6,0.5,10,6.5,-,16.1,2,3.3,,6.1,92.2
183,TREY MCBRIDE,TE,ARI,2.3,3.2,0.2,0.5,1.7,6.2,2.9,15.5,2.2,13.1,4.3,6,14.9,BYE,10.2,3.1,4.8,,5.7,91.1
184,RILEY PATTERSON,K,FA,3,7,8,10,6,8,0,17,-,12,3,0,9,1,-,-,7,,6.5,91.0
185,DESHAUN WATSON,QB,CLE,21.7,12.6,21.2,-,BYE,-,-0.8,-,19,17.2,-,-,-,-,-,-,-,,15.1,90.8
185,AARON JONES,RB,MIN,24.7,-,-,1.4,-,-,5.7,4.6,13.9,5.4,1.7,-,BYE,-,6.9,13.5,13,,9.1,90.8
187,MARK ANDREWS,TE,BAL,-,10.5,3.5,20,6.5,6.9,18.3,10,8,4.4,2.3,-,BYE,-,-,-,-,,9.0,90.4
188,DARIUS SLAYTON,WR,NYG,1.5,6.2,3.2,2.3,3.5,6.9,2.2,-0.1,5.9,2.1,14.2,1.6,BYE,1.4,6.3,15,16.6,,5.6,88.8
189,KHALIL HERBERT,RB,IND,8.4,5.8,1.5,18.2,7.6,-,-,-,-,-,4.1,3.8,-,0.8,1.2,18.1,18.9,,8.0,88.4
190,DALTON SCHULTZ,TE,HOU,0.4,3.4,0.9,10.2,12.5,12.1,BYE,0.5,17,7.1,9.2,0.2,-,-,5.8,6.1,1.9,,6.2,87.3
191,DIONTAE JOHNSON,WR,CLE,4.8,-,-,-,BYE,-,7.9,8.5,15,1.7,1.6,5,9.3,11.7,12.2,1.5,7.6,,7.2,86.8
192,JAXON SMITH-NJIGBA,WR,SEA,1.3,3.4,1,0.5,BYE,4.8,12.3,9.6,6.3,5.3,4,4.1,6.2,2.5,10.8,6.1,7.2,,5.3,85.4
193,JOSH REYNOLDS,WR,NYJ,8,18.6,-,6.9,13.6,5,4.3,-0.7,-,1.5,1.1,7.5,1.2,10.4,4.1,1.6,1.3,,5.6,84.4
194,JOSH DOWNS,WR,IND,3,3.7,5.7,3.4,9.7,8.1,18.5,7.2,1,4,BYE,4.3,1.4,3.2,1.9,3.9,5.3,,5.3,84.3
195,MARQUISE BROWN,WR,KC,5.7,11.4,12.1,9.6,12.1,3.4,4.9,9.3,2.4,2.8,1.2,8.8,0,-,0,-,-,,6.0,83.7
196,TYJAE SPEARS,RB,TEN,2.8,5.5,0.9,5.8,12.9,6.3,BYE,3.6,2.2,6,2.6,0.7,8.8,11.8,3.7,6.7,2.9,,5.2,83.2
197,KYLE PITTS,TE,ATL,4.4,1.5,3.7,2.1,8.7,10.3,4.7,3.5,5.6,3,BYE,2.2,5.1,11.7,3.7,10.9,0.5,,5.1,81.6
198,DONTA FOREMAN,RB,FA,2.4,-,-,-,-,6.7,30,3.6,8.3,15.2,7.4,-,-,7.2,-0.6,-,-,,8.9,80.2
199,JUSTICE HILL,RB,BAL,12.9,5.3,-,3.3,8.5,3.5,4.8,5.5,4,0.7,0.7,3.1,BYE,1.2,2.3,5.7,17.2,,5.2,78.7
200,TYLER BOYD,WR,FA,1,5.2,3.9,2.6,3.9,9.8,-,10.6,5.6,11.7,2.2,2.3,3.2,2.3,5.3,5.9,2.9,,4.9,78.4
201,CHAD RYLAND,K,ARI,2,6,10,3,0,6,12,5,6,6,-,1,0,3,5,10,3,,4.9,78.0
202,DJ CHARK,WR,ATL,-,1.5,14.6,2.8,10.2,2.6,-,2.3,6.9,-,0,3.4,5.6,2.6,1.8,21.8,1.8,,5.6,77.9
203,HUNTER HENRY,TE,NE,11.6,11.2,1.7,5.1,0,0.7,2.7,2.8,9.9,2.1,BYE,0,1.5,16,12.6,-,-,,5.6,77.9
204,LOS ANGELES RAMS,DST,LAR,6,0,5,4,3,10,2,1,9,BYE,5,5,7,2,6,4,8,,4.8,77.0
205,DALLAS GOEDERT,TE,PHI,0,2.2,4.1,2.5,17.7,4.2,13.7,3.6,5,BYE,-,-,-,3,3.1,7.1,10.7,,5.9,76.9
206,BRETT MAHER,K,FA,15,13,11,16,2,15,4,-,-,-,-,-,-,-,-,-,-,,10.9,76.0
207,ANTONIO GIBSON,RB,NE,-0.1,5.3,0.4,2.6,6.4,7.6,3.1,4.2,7.6,11.5,BYE,3.7,7.2,-,3.5,9.2,3.6,,5.1,75.8
208,BAILEY ZAPPE,QB,KC,-,-,-,2.3,0.9,-,-,-,-,0,-,1.2,7.2,21.9,10.4,16.4,15.1,,8.4,75.4
209,JALEEL MCLAUGHLIN,RB,DEN,-0.7,6.5,1.5,16.4,14.9,4.2,4.6,3.9,BYE,1.2,1.5,0.4,2.1,3.2,1.8,6.7,6.2,,4.7,74.4
210,JAHAN DOTSON,WR,PHI,4,2.2,2.1,8.7,3,0,4.3,16.8,12.9,0,8.3,5.2,2.3,-,1.2,3.1,0,,4.6,74.1
211,JERRY JEUDY,WR,CLE,-,2.5,8.1,5.2,5,1.4,6.4,11,-,3.5,5.8,1.1,5.1,1.6,7.4,4.4,5.4,,4.9,73.9
212,ANTHONY RICHARDSON,QB,IND,21.9,17.7,-,29.6,4.4,-,-,-,-,-,BYE,-,-,-,-,-,-,,18.4,73.7
213,RYAN TANNEHILL,QB,FA,5.4,21,4.2,13.7,10.8,2,-,-,-,-,-,-,-,-,-,9.8,6.7,,9.2,73.6
214,CHRISTIAN WATSON,WR,GB,-,-,-,8.5,8.6,BYE,2.7,3.3,3.7,2.3,8.2,15.4,20.6,-,-,-,-,,8.1,73.3
215,ELIJAH MOORE,WR,BUF,6.2,4.1,2.8,0,-,2.7,5.9,3,1.4,10.4,6,2.4,8.3,4.2,1.7,1.9,12.1,,4.6,73.1
215,JIMMY GAROPPOLO,QB,LAR,16.1,9.5,20.7,-,11.7,9.9,-,5.2,-,BYE,-,-,-,-,-,-,-,,12.2,73.1
217,ODELL BECKHAM,WR,FA,3.7,2.9,-,-,1.3,3.4,4.9,0,9.6,10,11.6,3.4,-,15.7,1.4,1.3,3.3,,5.2,72.5
218,TYROD TAYLOR,QB,NYJ,0.2,-,0.2,0,4.8,10.4,21.7,3.6,-,-,-,-,-,-,0.5,10.4,19.8,,7.2,71.7
219,TY CHANDLER,RB,MIN,1.8,0.9,3.1,0,1.5,0,1.2,0,-,10.5,11,1.1,BYE,4.2,21.7,7.7,6.4,,4.7,71.1
219,CHATARIUS ATWELL,WR,LAR,11.9,8.2,13.2,2.4,6.9,3,9.1,4.9,1.3,BYE,1.7,7.6,0.9,0,-,0,0,,4.7,71.1
219,KJ OSBORN,WR,WAS,3.1,9.4,9.6,1.6,4.9,4.8,4.7,9.9,1.7,-,0.7,3.4,-,1.5,0.3,15.5,0,,4.7,71.1
222,LOGAN THOMAS,TE,FA,4.3,8.2,-,4.3,11.7,0.2,5.1,10.4,3.1,4,3.8,1.5,2,-,0.7,9.6,2,,4.7,70.9
223,TAYLOR HEINICKE,QB,LAC,-,-,-,-,BYE,-,-,12.4,15.7,9.6,-,-,-,-,-,14.2,18.1,,14.0,70.0
223,LUCAS HAVRISIK,K,FA,-,-,-,-,-,-,-,7,5,-,5,7,11,13,8,12,2,,7.8,70.0
225,DAMEON PIERCE,RB,HOU,4.7,3.5,11.9,10.8,8.2,3.4,BYE,4.6,-,-,-,1.8,10.1,0.7,0.3,7.6,2.1,,5.4,69.7
226,DALTON KINCAID,TE,BUF,2.6,4.3,0.3,2.7,1.9,-,7.5,12.5,6.1,11.1,4.6,3.8,BYE,2.1,0,0.7,8.7,,4.6,68.9
227,NOAH BROWN,WR,WAS,1.9,-,-,-,-,3.7,-,5.7,21.3,17.2,-,-,0,0,14.2,3.8,0.8,,6.9,68.6
228,SAMAJE PERINE,RB,CIN,7.8,2.4,2.4,3.5,7.5,-0.4,4.1,2.1,-,4.3,6.7,12.6,0.6,4.4,4.8,2.9,2.6,,4.3,68.3
229,ZACH CHARBONNET,RB,SEA,1.1,3,4.5,4,BYE,1.9,-,6.4,1.3,6.2,6.9,5.8,15.9,4.8,1.6,-0.4,4.1,,4.5,67.1
230,MICHAEL WILSON,WR,ARI,1.9,5.6,8.6,19.6,1.8,6.2,2.6,5.8,-,3.4,-,-,-,BYE,0,0,11.5,,5.6,67.0
231,CADE OTTON,TE,TB,1.9,4.1,1.6,7.3,BYE,1.5,4.3,4.7,17,1,4.9,4.5,0,7.6,4.4,0.7,1,,4.2,66.5
232,ROSCHON JOHNSON,RB,CHI,11.5,4.2,4.9,1.5,1.9,-,-,3.1,1.5,3.2,3,7.5,BYE,0.6,6,5.3,11.9,,4.7,66.1
233,LATAVIUS MURRAY,RB,FA,1.7,9.1,8.1,5.6,0.7,4.5,2.8,1.1,1,12.9,3.5,4.8,-,3,7.1,0,0,,4.1,65.9
234,JONNU SMITH,TE,PIT,0,4.7,3.7,9.5,4.7,9.6,2.7,1.3,16,0.1,-,0,1,2.7,6.1,3.2,0,,4.1,65.3
235,ARIZONA CARDINALS,DST,ARI,19,4,5,-3,4,5,9,3,1,3,10,-2,6,BYE,-4,3,2,,4.1,65.0
236,WANDALE ROBINSON,WR,NYG,-,-,2.1,4.7,1.9,6.2,2.2,1.7,9.5,0.6,3.7,2.6,BYE,11.5,2.5,1.6,13.9,,4.6,64.7
237,RICO DOWDLE,RB,CAR,2.4,4.3,10.6,1.7,1.5,1.2,BYE,2.5,0.8,13.9,2,8.6,2.2,11.2,1.2,0.4,-,,4.3,64.5
238,CAROLINA PANTHERS,DST,CAR,4,7,0,13,-2,4,BYE,8,4,7,0,2,3,3,8,0,3,,4.0,64.0
239,JOSH PALMER,WR,BUF,0.4,1.3,10.6,7.7,-,6,13.3,2.4,-,-,0,-,BYE,-,17.3,4.7,-,,6.4,63.7
240,KHALIL SHAKIR,WR,BUF,0,7.1,0.5,0,1.1,1.3,3.5,9.2,5.7,2.4,17.5,4.7,BYE,1.2,0,4.5,4.9,,4.0,63.6
241,ALEC PIERCE,WR,IND,0.5,2.8,4.3,3.8,1,2.5,5.3,4.1,0,2.1,BYE,2.7,16,2.2,1.3,3,11.8,,4.0,63.4
242,KENDRICK BOURNE,WR,NE,18.4,2.9,4.6,3.6,4.3,9.3,10.3,9.6,-,-,BYE,-,-,-,-,-,-,,7.9,63.0
243,DANIEL JONES,QB,IND,6.5,31.7,5,10.7,7.2,-,-,-,1.9,-,BYE,-,-,-,-,-,-,,10.5,63.0
244,DONTAYVION WICKS,WR,GB,0,10,4.5,0,1,BYE,2.4,2.8,2.9,5.1,9.1,-,4.3,2,9.7,8.9,-,,4.5,62.7
245,ISAIAH LIKELY,TE,BAL,0.4,0.8,2,0,0,0,0,1,4.2,0.5,0,4,BYE,14.3,13,5.6,16.2,,3.9,62.0
246,JUSTIN WATSON,WR,HOU,4.5,4.2,5.1,0.5,5.6,0,BYE,4.2,1.5,-,11.3,6.3,0,1.8,3.1,9.8,4.1,,4.1,62.0
247,TYLER HIGBEE,TE,LAR,4.9,1.2,7.1,6.4,2,1.8,0.7,4.5,0,BYE,1.7,14.9,3.5,-,3.6,3,6.2,,4.1,61.5
248,DEMARCUS ROBINSON,WR,SF,-,-,-,-,-,-,-,-,1.5,-,2.4,1.3,11.5,10.6,12.7,14.2,7.2,,7.7,61.4
248,RONDALE MOORE,WR,MIN,4.5,1.4,12.2,0,7.6,2.6,2.6,2.1,0.8,4.3,11.4,3.5,0.6,-,0.8,3.6,3.4,,3.8,61.4
250,KENNY GAINWELL,RB,PIT,7.4,-,4.8,4.1,2.4,1.7,7.6,0.6,8.3,-,0.5,3.6,4.7,2.8,2.1,7.9,2.7,,4.1,61.2
251,KEATON MITCHELL,RB,BAL,-,-,-,-,-,-,0.9,-,19.4,12.6,4.1,8.9,BYE,6.2,8.8,-,-,,8.7,60.9
252,TYLER CONKLIN,TE,LAC,0.2,5,2.6,5.8,6.7,2.4,-,0,6.6,7,1.8,3.3,3.5,5.7,1.8,3.6,4.5,,3.8,60.5
253,GERALD EVERETT,TE,FA,2.3,4.7,3,0.9,-,7.8,8.6,-,1.8,0,-,10.3,4.4,3.9,4.1,4.2,3.7,,4.3,59.7
254,JERICK MCKINNON,RB,FA,1,2.2,14.8,0.7,2.5,2,2.6,0.8,8.4,-,1.5,-,-,9.7,13.2,-,-,,4.9,59.4
255,TYSON BAGENT,QB,CHI,-,-,-,-,-,6.7,12.9,13.2,18.8,7.7,-,-,BYE,-,-,-,-,,11.9,59.3
256,MILES SANDERS,RB,DAL,7.8,4.7,12.2,3.2,1.2,-,BYE,0,6.1,1,5.2,2.8,2.9,7.4,1.3,0.8,2.2,,3.9,58.8
257,NELSON AGHOLOR,WR,FA,0,12.3,3.9,0.4,6.4,4,7.2,0,0.2,0,9.7,2.1,-,3.2,0,7,1.8,,3.6,58.2
258,WASHINGTON COMMANDERS,DST,WAS,11,10,1,2,-1,10,9,2,3,0,9,-4,-4,BYE,6,3,1,,3.6,58.0
259,KALIF RAYMOND,WR,DET,2,11.7,5.5,3.8,4.5,2.6,2,2.2,BYE,4.6,0.5,9.6,0.9,1.5,1.2,3.7,1.1,,3.6,57.4
260,NICK WESTBROOK,WR,MIA,5.8,8.5,-,11.1,0.9,2.5,-,9.3,2.3,0.9,0.7,4.1,2.8,4.8,3.3,-,-,,4.4,57.0
261,DEMARIO DOUGLAS,WR,NE,4,-0.1,2,4.5,2.4,-,7.4,2.9,5.5,8.4,BYE,4.9,-,-,3.3,7.4,4.3,,4.4,56.9
262,JUWAN JOHNSON,TE,NO,3.6,1.3,1.2,-,-,-,-,0.5,8.9,0.2,BYE,4.5,0,1,9.8,10.8,15,,4.7,56.8
263,DARREN WALLER,TE,MIA,3.6,7.6,2,2.1,8.6,4.3,15.8,0.4,-,BYE,-,-,-,-,4,3.2,5.1,,5.2,56.7
264,JAMESON WILLIAMS,WR,DET,-,-,-,-,0.2,11.3,0,1.6,BYE,1.8,10.4,5.1,9,0.4,4.7,4.3,7.5,,4.7,56.3
265,CHIGOZIEM OKONKWO,TE,TEN,0,3.5,0.7,2.9,3.3,1.8,BYE,2.7,2.8,2.7,0.6,4.5,6.4,4.6,3.6,12.3,3.4,,3.5,55.8
266,TREY PALMER,WR,TB,6.8,2,0.8,6.6,BYE,4.7,0.5,2.2,5.1,2.1,2.8,1.7,2.5,0.8,0.5,4.2,12.4,,3.5,55.7
267,MICHAEL GALLUP,WR,WAS,1,0.3,9.2,6,1.5,2.4,-,2,1.9,13,3.1,1.3,0,10.8,0.9,0.4,0,,3.4,53.8
268,QUENTIN JOHNSTON,WR,LAC,0.9,0.7,1,1.8,BYE,0,2,5,1.6,9.4,2.1,0.7,5.2,9.1,8.3,3,2.9,,3.4,53.7
269,MITCHELL TRUBISKY,QB,BUF,-,-,-,0.7,-,-,-,9.3,-,-,-,-,7.2,21.6,14.9,-,-,,10.7,53.7
270,JOSHUA KELLEY,RB,FA,15.1,3.9,1.7,6.5,-,0.4,13.5,2.1,2.2,1.6,1.3,1.4,2.5,0.6,0.8,-0.2,0.2,,3.4,53.6
271,EMARI DEMERCADO,RB,ARI,0,0.5,0.2,2.4,11.7,1.7,7.5,7.9,-,-,-,1.5,0,BYE,13,5,0.9,,4.0,52.3
272,NICK MULLENS,QB,JAC,-,-,-,-,-,-,-,-,BYE,-,-,-,-,3.3,19.1,20.5,9.1,,13.0,52.1
273,CLYDE EDWARDS-HELAIRE,RB,NO,2.9,1.7,11.7,1.3,0.4,1.6,0.5,0.4,-,-,2,0.5,1.4,6.8,16.1,4.8,-,,3.7,52.1
274,EASTON STICK,QB,ATL,-,-,-,-,-,-,-,-,-,-,BYE,-,-,5.2,18.4,16.6,11.9,,13.0,52.0
275,MICHAEL THOMAS,WR,FA,6.1,5.5,5,5.3,6.5,4.5,10.2,6.8,0,0.9,-,-,-,-,-,-,-,,5.1,50.8
276,GRAHAM GANO,K,NYG,0,7,9,5,13,10,2,4,-,-,-,-,BYE,-,-,-,-,,6.3,50.0
277,ROBERT WOODS,WR,PIT,5.7,7.4,3.4,2.6,3,6.6,-,-,-,1.5,4.4,4,0,-0.2,3,2.1,5.8,,3.5,49.3
278,DARNELL MOONEY,WR,ATL,11.3,-,0,5.1,0,4.8,3.4,4.4,8.2,1.4,2.4,0.6,-,4.4,1.4,0.5,-,,3.4,47.9
279,KAVONTAE TURPIN,WR,DAL,8.5,1.5,0,5.1,8.6,0,BYE,1.3,6.5,-,2.3,9.4,1,2.2,0,0.8,0,,3.1,47.2
280,MARVIN MIMS,WR,DEN,0.9,18.3,13.6,4.7,-1.6,0,-1.1,0,BYE,-0.3,1.2,3.5,1.3,1.1,1.1,4.3,-,,3.1,47.0
281,ZAMIR WHITE,RB,LV,0.7,0.2,0,1.5,-,0.9,2.8,0,-0.2,0.5,-,0,BYE,0.8,14.5,14.5,10.6,,3.3,46.8
282,BRANDON JOHNSON,WR,PIT,3.1,18.6,1.2,6.4,0.9,0,0,-,-,-,-,-,0,0,0,12.7,2.7,,3.8,45.6
283,CEDRICK WILSON,WR,NO,-,-,-,1.6,5.2,0,4.8,6.1,9.1,-,2.3,0,0,3,0.2,4.2,8.7,,3.5,45.2
284,RASHOD BATEMAN,WR,BAL,3.5,1.8,0.6,-,0.8,1.5,3.6,5.2,2.8,2.5,7,2.1,BYE,2.4,3.9,1.4,5.4,,3.0,44.5
285,MICHAEL MAYER,TE,LV,0,0.2,2,0,3.9,7.5,1.3,1.9,1.1,7.9,4.6,2.7,BYE,1.4,9.9,-,-,,3.2,44.4
286,TUCKER KRAFT,TE,GB,0,0,0,0.5,0,BYE,0,0,0,0.6,3.2,7.5,3.7,6.4,11.7,6,4.8,,2.8,44.4
287,DONALD PARHAM,TE,PIT,8.2,0.7,12.4,0,-,1.9,0.9,10.3,0,1.8,5.7,0,1.2,1.1,-,-,-,,3.4,44.2
288,TRE TUCKER,WR,LV,-,3.4,0,0,1.6,6.1,1.8,0,5.6,0.9,3,0,BYE,0,17.7,0.1,3.6,,2.9,43.8
289,ROYCE FREEMAN,RB,FA,-,-,0,0,-,-,6.6,10.4,3.2,-,7.3,13.7,0,0.9,1.6,-,-,,4.4,43.7
290,CHRIS MOORE,WR,WAS,0,4.9,4.1,4.4,0,0.6,-,0,2.9,2.1,8.7,4.2,1.2,2.2,3.9,0.9,3.2,,2.7,43.3
291,PAT FREIERMUTH,TE,PIT,6.3,0.2,10.1,0.7,-,BYE,-,-,-,-,0.7,12,2.9,3.8,1.6,0,4.4,,3.9,42.7
292,NOAH GRAY,TE,KC,3.1,3.8,0.9,9.4,2.1,1.5,0.8,2.5,3.4,BYE,0,3,6.2,0,3.7,0.5,1.7,,2.7,42.6
293,JONATHAN MINGO,WR,DAL,1.7,2.6,2.1,-,4.8,2.1,BYE,6.2,0.5,2,0.6,6,6.9,2.2,3.2,0.9,0,,2.8,41.8
294,NOAH FANT,TE,CIN,0,5.6,4.1,6.3,-,0.9,2.5,3.2,0,0.6,0.4,2.5,4.3,3.5,1.6,0,5.9,,2.6,41.4
295,KYLEN GRANSON,TE,PHI,3.9,7.6,0.9,2.4,1.5,6.7,-,-,0,0.5,-,0,7.4,1.7,0.6,6.2,1.3,,2.9,40.7
296,LUKE MUSGRAVE,TE,GB,5,2.5,4.9,0.1,3.4,BYE,3,0.9,11.1,6.4,2.8,-,-,-,-,-,-,,4.0,40.1
297,TANNER HUDSON,TE,CIN,-,-,3,1.8,-,-,BYE,-,4.5,3.3,4.9,1.8,3.5,8.1,4.9,0.5,3.8,,3.6,40.1
298,ZAY JONES,WR,ARI,11.5,0,-,-,8.3,-,-,-,-,-,2,1,7.8,2.9,5.9,-,-,,4.9,39.4
299,GREG DORTCH,WR,ARI,0,0,0,0,0,0,0,-,0.2,0,7.6,8.7,1.9,BYE,2,10.5,8.2,,2.6,39.1
300,DEVANTE PARKER,WR,FA,-,5.7,1.9,3.3,2,0.7,0.8,1.4,-,-,-,4.2,6.4,-,4.4,6.5,1.5,,3.2,38.8
301,BRANDON POWELL,WR,FA,0,-2,0.5,0,5.2,1.9,6.9,1.2,7.5,3.5,3.2,4.7,-,0,0,5.3,0,,2.4,37.9
302,XAVIER GIPSON,WR,NYJ,6,0,0,1.7,-2,1.8,BYE,0.3,3.2,2.4,-1.3,1.5,7.8,7.2,2.9,1.7,4.1,,2.3,37.3
303,ALLEN LAZARD,WR,NYJ,4.6,2.3,3.9,12.1,3.3,0.8,BYE,4.5,1.8,1.7,0,-,0,0,2.1,0,-,,2.7,37.1
304,JAKE BOBO,WR,SEA,0,0.3,6.5,0,BYE,4.3,12.1,8.6,0,1.3,0.8,0.6,0.9,0,0.4,0.8,0.4,,2.3,37.0
305,JORDAN MASON,RB,MIN,-,0,1.1,2.3,12.9,8.7,0,0,-,0,0,0,1,8.6,2,0,0.3,,2.5,36.9
306,JALIN HYATT,WR,NYG,0,8.9,0,1,0,2.1,7.5,0,1.9,0,0.7,10.9,BYE,1.3,0,0,2.5,,2.3,36.8
307,TOMMY TREMBLE,TE,CAR,0,0,1.5,0,6.1,2.5,BYE,6.4,1.2,1.6,6.4,0.7,-,0.2,3.2,5.9,0.6,,2.4,36.3
307,ADAM TRAUTMAN,TE,DEN,3.4,0,0,0,8.6,0.4,0.5,0,BYE,1.5,3.3,6.8,0.6,7.9,2.4,0,0.9,,2.3,36.3
309,COLBY PARKINSON,TE,LAR,0.8,4.1,3.8,0,-,1.9,2.6,0,0.6,0.3,0,0.9,0,8.8,0.6,7.7,3.8,,2.2,35.9
309,MIKE GESICKI,TE,CIN,3.6,3.3,1.8,1.2,1.7,2.8,6.5,1.1,0,2.2,-,0,0,0,0.7,7.5,3.5,,2.2,35.9
309,CHRISTOPHER RODRIGUEZ,RB,WAS,0.7,0,0,-,-,2.3,3.1,-,0,-,2.8,2.1,2.9,BYE,3.5,18.5,-,,3.3,35.9
312,CAM AKERS,RB,NO,8.9,-,-,5.1,1.8,1.5,6.1,8.5,3.8,-,BYE,-,-,-,-,-,-,,5.1,35.7
313,MARQUEZ VALDES-SCANTLING,WR,SEA,4.8,1.3,3.7,0.6,1.2,0,14.4,0.7,2.2,-,0,-0.1,2.5,2.2,1.7,0,0.3,,2.2,35.5
314,ISAIAH HODGINS,WR,SF,0.4,10,0,2.4,1.9,0,1.3,0,0,0,2.2,7.2,-,8.2,0,0,1.8,,2.2,35.4
315,CALVIN AUSTIN,WR,PIT,3.7,0.8,13.2,2.9,0,BYE,0.1,2.9,1,0.9,0,0.5,1,1.2,0,6.7,0,,2.2,34.9
316,TRENTON IRWIN,WR,JAC,0,-,-,1.7,6,0,-,2.4,0,11.4,3.6,2.5,2.5,0,0,3.7,0.4,,2.4,34.2
317,LILJORDAN HUMPHREY,WR,NYG,7.1,0.4,-,1.1,0,0,0,0,-,1.4,0,1.3,1.2,1.2,7.6,0,12.9,,2.3,34.2
318,CHASE BROWN,RB,CIN,-,0.2,0,-0.3,0.2,1.2,BYE,-,-,-,-,0,6.1,16.5,5.1,2.4,2.8,,3.1,34.2
319,BREVIN JORDAN,TE,HOU,-,2.7,7.3,0,0,1.1,BYE,-,-,-,0,0.9,6.4,3.5,1.4,2.7,7.9,,2.8,33.9
320,DURHAM SMYTHE,TE,CHI,4.4,2.3,1.5,4.1,0,0,0,2.8,1.7,-,-,1,0,1.6,3.2,5.6,5.4,,2.2,33.6
321,DARRELL HENDERSON,RB,FA,-,-,-,-,-,-,12.6,8.5,3.5,-,8.9,-,-,-,-,-,-,,8.4,33.5
322,JAMAAL WILLIAMS,RB,FA,5.2,2.9,-,-,-,-,1.4,3.8,1.2,1,-,1,1.6,4.3,2.6,1.3,7.1,,2.8,33.4
323,MICHAEL CARTER,RB,ARI,1.8,1.1,0.3,2.1,2.2,0.5,-,0.2,2.4,0,-,3.4,2.5,BYE,3.7,0,12.7,,2.4,32.9
324,SKYY MOORE,WR,KC,0.4,13,4.2,1.9,1.1,2.2,1.5,0.8,3.3,BYE,0.4,3.4,0.5,0,0,-,-,,2.3,32.7
325,JAUAN JENNINGS,WR,SF,0,5.1,3.1,-,1.9,2.6,5.4,0,BYE,0.8,0,0.7,10.4,0,2.5,-,-,,2.5,32.5
326,MO ALIE-COX,TE,IND,0,1.5,0,9.5,1.7,0,-0.6,1.1,0,0,BYE,3,0,6.2,8.1,0,1.8,,2.0,32.3
327,DREW LOCK,QB,SEA,-,-,-,3.6,BYE,-,-,-,-,-,-0.9,-,-,17.3,12.1,-,-,,8.0,32.1
328,JUJU SMITH-SCHUSTER,WR,KC,3.3,2.8,0.5,1.4,0.6,-,-,6.3,5.1,0.9,-,1,1.1,9,-,-,-,,2.9,32.0
329,MASON RUDOLPH,QB,PIT,-,-,-,-,-,BYE,-,-,-,-,-,-,-,-,0.1,20,11.5,,10.5,31.6
330,PIERRE STRONG,RB,CLE,0,6.1,2.7,4.9,BYE,0,2.5,8.2,0.2,0,0.5,0,2,0,1.1,2.2,0.9,,2.0,31.3
331,AT PERRY,WR,DEN,-,-,-,-,-,-,-,0,0,9.8,-,0.7,3,4.4,3.4,9.5,0.5,,3.5,31.3
332,MIKE WILLIAMS,WR,FA,4.5,8.6,18.1,-,-,-,-,-,-,-,-,-,-,-,-,-,-,,10.4,31.2
333,BRAXTON BERRIOS,WR,HOU,4.2,2.8,3.3,11.4,1.3,2,0.7,0.8,0,-,-,0,0,1.3,1.2,0,1,,2.0,30.0
334,JALEN TOLBERT,WR,DAL,0,1.8,0,5.3,0,-2,BYE,0,10.9,0.2,1.2,4.9,1.7,0,0,5.1,0.9,,1.9,30.0
335,MATT BREIDA,RB,FA,0.6,0.5,7.8,7.8,2.4,1.3,0.9,1.7,1.1,0.3,-0.1,1.6,-,1.6,2.1,0.3,0,,1.9,29.9
336,MATT AMMENDOLA,K,FA,-,-,-,-,-,-,-,-,-,13,3,3,10,0,-,-,-,,5.8,29.0
336,RANDY BULLOCK,K,FA,-,-,-,-,-,-,-,-,0,6,7,5,-,6,5,-,-,,4.8,29.0
338,ELIJAH MITCHELL,RB,KC,1,-,4.4,-,-,-0.3,-0.1,0.2,-,2.3,2.4,3.6,1.3,-,-,-,14,,2.9,28.8
339,JOSH OLIVER,TE,MIN,3.2,1.3,6.4,0,-0.5,0,0.6,0,0.1,0,10.7,0,BYE,0,1.4,3.3,1.7,,1.8,28.2
340,TREVOR SIEMIAN,QB,FA,-,-,-,-,-,-,-,-,-,-,-,-,1.4,-,0.4,11.5,14.7,,7.0,28.1
341,ALLEN ROBINSON,WR,FA,6.4,1.2,2.4,0.8,2.9,-,0.7,0,1,0,2,1.1,1.9,2.1,1.9,3.6,0,,1.8,28.0
342,JIMMY GRAHAM,TE,FA,-,0,6.8,-,0,0,0,-,-,-,-,-,6.6,7.6,6.9,0,0,,2.8,27.9
343,DREW SAMPLE,TE,CIN,0,0,0.7,-0.1,0,0.4,BYE,0,9,1.2,1.9,7.1,1.1,0.4,0,3.8,2.1,,1.7,27.6
344,SALVON AHMED,RB,IND,1.1,4.1,-,-,-,9.4,0.3,1.7,1.2,-,9.1,0,-,-,-,-,-,,3.4,26.9
345,ANDREW OGLETREE,TE,IND,2,-,1.1,10.8,1.6,0,0,9.3,1.9,-,BYE,-,0,0,0,0,-,,2.2,26.7
346,OLAMIDE ZACCHEAUS,WR,CHI,0,-,11.8,1.1,0,0.5,0,0.5,0.8,-,0,8.9,0,2.8,0,0,0,,1.8,26.4
347,ALEX ERICKSON,WR,FA,-,-,-,-,-,-,-,-,-,-,1.2,1.7,2.3,0.9,7.3,3.1,9.8,,3.8,26.3
347,JAMAL AGNEW,WR,ATL,-0.2,0.5,2.9,-,0.1,0,3.5,0,-,0,BYE,-,-,-,13,1.2,5.3,,2.4,26.3
349,DORIAN THOMPSON-ROBINSON,QB,PHI,-,-,-,4.2,-,-,-,0.4,-,BYE,7.6,11.5,-,0.5,0.2,1.7,-,,3.7,26.1
350,KADARIUS TONEY,WR,FA,0,3.8,-0.1,2.2,2.7,6.4,1.3,0.1,1.8,-,2.6,-,0.6,4.1,0.5,-,-,,2.0,26.0
351,CORDARRELLE PATTERSON,RB,FA,-,-,-,-,0.7,0.6,5.6,0.7,0.3,2,-,4.3,1.7,0.7,6,3.3,0,,2.2,25.9
352,DANIEL BELLINGER,TE,NYG,0.1,0,0.8,0.6,0.7,0,0,0,4.3,3.4,3.8,0.8,BYE,1.5,1.3,4.3,3.9,,1.6,25.5
353,DALVIN COOK,RB,FA,5.9,-0.8,2.9,1.8,2.3,1.4,-,0.5,0.8,2.6,1.3,2.1,2.6,0.8,1,0,-,,1.7,25.2
354,TONY JONES,RB,FA,0.5,15.4,5.2,-,-,-,-,-,0.7,1.3,2.1,-,-,-,-,-,-,,4.2,25.2
355,MACK HOLLINS,WR,NE,3.1,6,2.3,0,2.9,4.1,0,2.7,3.6,-,BYE,-,-,0.4,-,0,0,,2.1,25.1
356,FOSTER MOREAU,TE,NO,0,2,-,-,6.6,3.3,3.3,0,2.3,0,BYE,0,2.8,0.8,1.3,1.3,1.3,,1.8,25.0
357,DEVONTEZ WALKER,QB,FA,-,-,-,-,-,5.8,6.4,12.6,0,0,-,0.1,-,-,-,-,-,,4.2,25.0
358,HARRISON BRYANT,TE,PHI,6.5,0,0.4,0.4,-,0,0,0,0,0.5,0,4.2,10.9,0,0,0.6,1.4,,1.6,24.9
358,DERNEST JOHNSON,RB,FA,-0.4,1.7,1.2,-0.2,0,1.9,0,0.8,-,4,5.4,6.1,0.9,2.8,0.5,0.2,0,,1.6,24.9
360,PHARAOH BROWN,TE,MIA,0,-,13.1,0,0,1.5,5.1,3.3,0,0,-,0,0,0.4,0.4,2.5,-1.5,,1.7,24.8
361,ZACH ERTZ,TE,WAS,2.1,5.6,0.6,5.3,7,2.2,1.9,-,-,-,-,-,-,BYE,-,-,-,,3.5,24.7
362,CRAIG REYNOLDS,RB,DET,-,0.5,1.5,0,11.2,4.3,2.5,6.6,BYE,0,-2,0,0,0,0,0,-,,1.8,24.6
363,KYLE JUSZCZYK,RB,SF,0,0,0.3,0.7,8.6,0.9,0,0,BYE,8.6,0,0,0,0,2.6,0.5,2.3,,1.5,24.5
364,HAYDEN HURST,TE,FA,10.1,2,1.1,0.7,2.1,1.6,-,0,5.4,1.4,-,-,-,-,-,0,-,,2.4,24.4
364,DAWSON KNOX,TE,BUF,2.5,7,1.1,1.2,1.7,1.7,3,-,-,-,-,-,BYE,3.6,0,2.6,0,,2.2,24.4
366,JULIO JONES,WR,FA,-,-,-,-,-,-,0.3,6.8,0,-,0.5,0,0,0,0.6,0.5,15.4,,2.4,24.1
367,TY JOHNSON,RB,BUF,-,-,-,-,-,-,0,-,0,0.2,11.8,1.9,BYE,2.1,5.8,-,2.2,,3.0,24.0
368,TREYLON BURKS,WR,TEN,2.7,7.6,0.5,-,-,-,BYE,0,2.8,-,-,-,0,0.6,6.4,2.2,1.1,,2.4,23.9
369,IHMIR SMITH-MARSETTE,WR,NYG,0,0,0,0,0,0,-,0,0,6,0,1.4,0,1,3.2,11.1,1.2,,1.5,23.9
370,ANDY DALTON,QB,CAR,-,0,23.5,-,0.1,-,BYE,-,-,-,-,-,-,-,-,-,-,,7.9,23.6
371,HUNTER RENFROW,WR,CAR,-,2.3,1.7,1.2,0.7,0,1.4,1.9,3.2,0.5,4.2,3.8,-,2.6,0,0,0,,1.6,23.5
372,CHASE EDMONDS,RB,FA,0.8,1.2,-,-,-,-,-,2.1,-0.6,0.7,1.9,1.1,0.9,5.8,1.3,2.5,5.6,,1.9,23.3
373,KHADAREL HODGE,WR,ATL,0,0,1.5,1.9,1.1,0,1.9,7.5,6,0,BYE,0,0,1.8,1,0.5,0,,1.5,23.2
374,DARRYNTON EVANS,RB,BUF,-,-,-,-,-,3.4,5.4,10,2.1,0.5,-,1.6,BYE,-,-,-,-,,3.8,23.0
375,JACOBY BRISSETT,QB,ARI,-,-,-,-,-,-,-,-,-,-,-,-,0,BYE,13.9,9,-,,7.6,22.9
376,JEFFERY WILSON,RB,FA,-,-,-,-,-,-,0.4,3.7,3.8,-,-,7.3,1.1,0,0.6,2.5,3.4,,2.5,22.8
376,DYAMI BROWN,WR,JAC,0,2.5,0,5.1,1.1,0,0,0,3.3,10.1,0.7,0,0,-,0,0,0,,1.4,22.8
378,BO MELTON,WR,GB,-,-,-,-,-,BYE,-,-,-,-,-,0,-,-,0.7,5.1,16.5,,5.6,22.3
379,PARKER WASHINGTON,WR,JAC,-,-,-,0,-,-,-,-,BYE,-,0,0,12.1,6.7,1.2,1.9,0.2,,2.8,22.1
380,SCOTT MILLER,WR,PIT,0,0,-,-,1,0.4,4.6,7.4,0,6.2,-,0.4,0,0,0,1.5,0,,1.5,21.5
381,CJ BEATHARD,QB,FA,-,-,0.4,-,-,-0.2,-,-,-,0.2,0,-,3.2,-,-,8.4,9.5,,3.1,21.5
382,AMEER ABDULLAH,RB,SF,0,0.5,1.6,1.4,1.5,0,0,1.9,2.5,0.4,0.4,1.3,-,1.9,4.5,1.2,2.2,,1.3,21.3
383,ANDREW BECK,TE,NYJ,0,0.2,6,0,0,0,BYE,4.9,0.5,-,0,0.1,0.5,2.6,-0.5,6.6,-,,1.5,20.9
384,WILL MALLORY,TE,IND,-,4.9,-,-,-,0,0,0.6,-,0.7,BYE,2.9,0.4,4.6,0,4.7,1.9,,1.9,20.7
385,CARTAVIOUS BIGSBY,RB,JAC,5.3,0,7,1,0.8,0.8,0.2,-1.1,BYE,0.5,2.1,0.6,0,0,-0.2,-,3.2,,1.3,20.2
386,STONE SMARTT,TE,NYJ,-,2.4,-,0,-,0,0.5,0,0,0,11.1,0,0,-,1.5,2.3,2.3,,1.5,20.1
387,VAN JEFFERSON,WR,TEN,2.4,0.9,5,2.9,0,0,0.5,2.4,1.4,0,-,1.3,0,0,0,1.3,1.9,,1.3,20.0
387,ANDREI IOSIVAS,WR,CIN,0,0,0,0,0.9,6.3,BYE,6.2,0.9,0,-,1.6,0,0,0.5,3.6,0,,1.3,20.0
387,MICHAEL BADGLEY,K,FA,-,-,-,-,-,-,-,-,-,-,-,-,-,-,6,6,8,,6.7,20.0
390,AUSTIN HOOPER,TE,NE,2,2,-,1.1,1.1,1.9,1.8,1.9,1,0.7,0,1.4,-,0.5,0,1.3,2.8,,1.3,19.5
391,KENDRE MILLER,RB,NO,-,-,3.4,0.8,9,1.2,0,1.9,3.1,-,BYE,-,-,-,-,-,-,,2.8,19.4
392,JAMISON CROWDER,WR,FA,0,0,-,0,2.1,0,0,15.5,2.3,0,1.2,0,0,-,0,-2,0,,1.3,19.1
392,NICK CHUBB,RB,HOU,12.7,6.4,-,-,-,-,BYE,-,-,-,-,-,-,-,-,-,-,,9.6,19.1
392,ELIJAH HIGGINS,TE,ARI,-,-,-,-,-,-,0,0,0,0,0.2,2.6,2.1,BYE,10.4,1.7,2.1,,1.9,19.1
395,PATRICK TAYLOR,RB,SF,2.2,0.1,2.9,-,0.7,-,-,-,BYE,-,-,1.5,2.9,5.2,0.2,0.3,3,,1.9,19.0
396,CEDRIC TILLMAN,WR,CLE,0,0,0,0.5,BYE,-,-,-,0.3,0,1,5.5,2,2.3,5.2,1.3,0.8,,1.5,18.9
397,ROBBIE CHOSEN,WR,FA,-,-,12.8,0,0,0,-,-,-,-,3.9,-,-,-,0,1.9,0,,2.3,18.6
398,LUKE SCHOONMAKER,TE,DAL,0,6.1,0,0,0,0,BYE,1.3,0,0,8.3,1.2,1.2,0,0,0.4,0,,1.2,18.5
399,RONNIE BELL,WR,DET,0,0,8.4,0.7,0,0,-,0,BYE,2,0,0,0,0,0,7.2,0,,1.2,18.3
400,DAVIS MILLS,QB,HOU,-,-,-,-,-,-,BYE,-,-,-,0.1,-,0.7,0.2,0,16.9,0,,3.0,17.8
400,DEONTE HARTY,WR,FA,1.3,0.4,1.3,1,6.2,6.3,1,0,0,0,-0.2,-,-,2.5,0,-2,0,,1.2,17.8
400,DEVEN THOMPKINS,WR,FA,1,1.1,0.6,11.6,-,0.3,-0.6,0,0,1.1,1.7,0,1.1,0,-0.1,0,0,,1.1,17.8
403,TYLER SCOTT,WR,CHI,1.4,0,0.6,1.9,0,1.2,3.3,1.1,-0.5,3.1,-1.6,0,BYE,1.1,4.6,0,1.5,,1.1,17.7
404,MALIK HEATH,WR,GB,0,0,0,-,-,BYE,-,-,0,0,0.7,4.6,1.5,6.6,2.9,0,1.3,,1.5,17.6
405,KEVIN HARRIS,RB,FA,-,-,-,-,-,-,-,-,-,-,-,-,-,-,8.5,2.1,6.9,,5.8,17.5
406,JOHN MUNDT,TE,JAC,0,-,0,0,1.1,0,0,0.8,1.8,0.8,0,0,-,0.4,0.3,2.3,9.9,,1.2,17.4
407,TREY SERMON,RB,PIT,-,-,2.1,0.7,0,0,-,-,0,0,-,0,0,1.3,8.8,0.3,4.1,,1.4,17.3
408,DERIUS DAVIS,WR,LAC,0.5,1,0.3,6.7,BYE,0,2.4,0.4,6,0.7,-0.3,0.1,0,0,-2.2,1.4,0.2,,1.1,17.2
409,DAMIEN HARRIS,RB,FA,1.9,9.3,1.5,2.9,1.3,0.1,-,-,-,-,-,-,-,-,-,0,-,,2.4,17.0
410,MELVIN GORDON,RB,FA,-,-,5.5,4.4,-,-,-,-,-,-,-,-,-,-,-,-,7,,5.6,16.9
411,JALEN REAGOR,WR,LAC,-,-,-,-,BYE,0,1.1,0,1.1,0,-,-,1.1,0,0,3.3,9.9,,1.7,16.5
412,RIVER CRACRAFT,WR,FA,10,3.4,1.3,-,-,-,-,-,-,-,0,0,1.6,0,0,-,0,,1.8,16.3
413,CONNOR HEYWARD,TE,PIT,1.9,0,0,0,2.3,BYE,2.3,2.4,1.6,3.2,0,1.1,0,1.5,0,0,0,,1.0,16.3
414,DAVID BELL,WR,CLE,0,2.7,0,0,BYE,0.6,0,0,-,-,0,0,1.2,10.1,0,0.6,0.7,,1.1,15.9
415,JOHN METCHIE,WR,HOU,-,1.7,1.3,2.2,2,0,BYE,0,1.4,2.5,1.2,0.6,0.9,0.6,0.1,0,1.2,,1.0,15.7
416,IRV SMITH,TE,HOU,1.7,1,-,-,0,0.5,BYE,0.5,8.6,0.6,0,0.8,0,0,1.8,-,-,,1.3,15.5
417,LUCAS KRULL,TE,DEN,-,-,-,-,-,-,-,-,BYE,0,-,-,0,3.5,1.8,8.8,1.4,,2.6,15.5
417,LUKE FARRELL,TE,SF,-,-,0.4,1,1.6,0,0,0.5,BYE,0,2.1,5.5,0.9,0,2.8,0,0.7,,1.1,15.5
419,JOSH WHYLE,TE,TEN,0,0,0,8.6,0.7,1.1,BYE,-,0,1.6,0.7,1.1,1.6,-,-,-,-,,1.4,15.4
420,MYCOLE PRUITT,TE,FA,0,0,1,0,2.2,0.9,0,0.3,0,0,-,0,8,1.5,0,0,1.4,,1.0,15.3
421,BROCK WRIGHT,TE,DET,1.7,0,0,0,1.6,0.7,0,0.5,BYE,8.3,0,0.9,0.8,0.6,0,-,-,,1.1,15.1
421,JEREMY RUCKERT,TE,NYJ,0,0,0,2.6,0.2,0.8,BYE,0,0.7,0,2.5,1.8,1.2,3.7,1.6,0,-,,1.0,15.1
423,JOHN BATES,TE,WAS,0,4.6,1.2,0.6,1.9,0,0,1.7,-0.5,2.1,1.5,0,0,BYE,0,1.4,0.6,,0.9,15.1
424,JAMEIS WINSTON,QB,NYG,-,-,4,-1,-0.4,-,-,-,-,10.9,-,-,1.6,-0.2,-,-,-,,2.5,15.0
425,JALEN GUYTON,WR,FA,-,-,-,-,-,-,-,-,0,10.1,-,0.4,0.5,0.8,1.9,1.2,0,,1.9,14.9
426,TIM BOYLE,QB,TEN,-,-,-,-,-,-,BYE,-,-,-,0.4,9.4,5.1,-,-,-,-,,5.0,14.9
427,DAVID MOORE,WR,CAR,-,-,-,-,-,-,BYE,-,-,-,-,0,0,1.1,12.8,0.7,0,,2.4,14.6
428,KYLE PHILIPS,WR,LV,-,-,-,-,0,-1.4,-,2.4,6.8,6.1,1,-0.3,BYE,0,-,-,-,,1.8,14.6
429,TYQUAN THORNTON,WR,KC,-,-,-,-,-,0.6,0.2,-,0.7,BYE,-,2.2,3.9,1.7,0.5,2,2.4,,1.6,14.2
430,BYRON PRINGLE,WR,FA,-,0.4,-,1.5,1,0,1.6,0,5.5,0.7,0.2,2.7,0,-,0.5,0,0,,1.0,14.1
431,MASON CROSBY,K,FA,-,-,-,-,-,-,-,-,-,-,-,-,-,-,-,7,7,,7.0,14.0
432,RAY RAY MCCLOUD,WR,ATL,0,0,0,2.2,0.1,2.7,2,4.3,-,0,0,2.3,-,-,-,-,-,,1.2,13.6
433,JARRETT STIDHAM,QB,DEN,-,-,-,-,-,-,-,-,BYE,-,-,-,-,-,0,-,13.6,,6.8,13.6
434,CHASE CLAYPOOL,WR,FA,0,9.6,1.5,-,-,-,0,1.5,0,-,-,-,-,0,0.8,0,0,,1.3,13.4
435,TERRACE MARSHALL,WR,PHI,2.3,-,3.5,5.6,-,0,-,0.9,0,1.1,-,-,-,-,-,-,-,,1.9,13.4
436,XAVIER HUTCHINSON,WR,HOU,0.9,0,-,0,0,1.5,BYE,0,1.2,1.7,0,3.4,-,1.5,0.5,1.8,0.8,,1.0,13.3
437,DAVIS ALLEN,TE,LAR,0,-,-,0,0,0,0,0,0,BYE,0,0.6,0,11,1.4,0,0,,0.9,13.0
437,DONOVAN PEOPLES-JONES,WR,NO,1.2,0.7,4.9,0.7,-,0,2.2,0,-,-,0,0,0,1.7,0.5,1.1,0,,0.9,13.0
437,ISAIAH SPILLER,RB,FA,-,0.3,0.7,2.7,-,0.2,-,0.8,-,-,-,-,-,1.9,5,0.5,0.9,,1.4,13.0
440,CASE KEENUM,QB,CHI,-,-,-,-,-,-,-,-,-,-,-,-,BYE,-,12.3,0.5,-,,6.4,12.7
441,WILL DISSLY,TE,LAC,1.7,3.5,-,-,BYE,0.4,0,0,0,2.2,0.9,2.1,0,0.3,0.9,0.6,0,,0.9,12.6
442,STEPHEN SULLIVAN,TE,CAR,-,-,-,-,-,0,BYE,1.3,2.8,-,2,1.3,1.6,0,1.4,2.1,0,,1.3,12.5
443,CHARLIE KOLAR,TE,BAL,0,-,-,0,-,0,0,0,0,0,1.3,0,BYE,0,1.5,1.7,7.9,,1.0,12.4
444,TYLER GOODSON,RB,IND,-,-,-,-,-,-,-,-,-,-,BYE,-,1.1,-0.2,7.9,3,0.3,,2.4,12.1
445,COLE TURNER,TE,WAS,1.7,2.1,3.5,0,0.9,0,0,-,0,-,0.7,2.9,0.2,BYE,-,0,-,,1.0,12.0
446,ALEC INGOLD,RB,MIA,3.4,0,0,2.3,0,0,0,0.5,0.1,BYE,1.6,0,-0.3,1.3,0,1.2,1.8,,0.7,11.9
447,CJ UZOMAH,TE,FA,-,-,0.9,6.1,1.2,0,-,1.9,1.1,0.6,0,0,0,-,-,-,-,,1.2,11.8
448,TYLER HUNTLEY,QB,FA,-,-,-,0.8,-,-,0,-,6.3,-,-,-,-,-,-,-,4.7,,2.9,11.8
449,DJ MONTGOMERY,WR,IND,-,-,-,-,-,-,-,-,-,-,BYE,0,0,0,10.8,0.8,0,,1.9,11.6
450,JASON BROWNLEE,WR,KC,-,-,-,-,-,-,-,0,-,BYE,0,2,0,-,-,6.8,2.8,,1.9,11.6
451,LAVISKA SHENAULT,WR,BUF,2.1,0.7,0.7,1.9,2.7,1.7,-,-,-,-,0.9,0.8,BYE,-,-,-,-,,1.4,11.5
451,RANDALL COBB,WR,FA,0,0,1.2,0.8,0,2,-,-,-,-,-,0,-,7.5,0,-,0,,1.2,11.5
453,BEN SKOWRONEK,WR,PIT,0,2.1,0.3,-,0,0,0,8,-0.2,-,0,-0.1,1.2,0,0,0,0,,0.8,11.3
453,BOSTON SCOTT,RB,FA,1,4,-,-,-,1.6,0,0.4,-,-,0.8,1.4,2.9,0.9,0,-1.7,-,,1.0,11.3
455,ROBERT TONYAN,TE,KC,0,0,-,1.8,1,1.1,0,0.8,1.1,0,0,0,-,0,0,1.4,4,,0.7,11.2
455,PATRICK RICARD,RB,BAL,0,0,0,1.4,0,0.3,3.1,0,0,0,0,0,BYE,0,0,0,6.4,,0.7,11.2
455,LYNN BOWDEN,WR,FA,-,-,0,0,0,0,0,0,0,1.2,-,4,-0.1,2.4,3.1,0,0.6,,0.8,11.2
458,BRANDON BOLDEN,RB,FA,0,-,-,-,-,-,-,-,-,-,-,-,-,0,8.5,2,0.6,,2.2,11.1
459,JORDAN AKINS,TE,FA,1.2,0.2,-,0.6,-,0,0,0.6,1.1,0.8,0,0,0.6,0.3,0.8,1.8,2.8,,0.7,10.8
460,EMANUEL WILSON,RB,GB,-,0.5,1.2,-,0,BYE,2.7,-,4.3,0,2.1,-,-,-,-,-,-,,1.5,10.8
461,CHRISTOPHER BROOKS,RB,GB,-,-,6.6,-,0,2.8,-,-,-,-,-,-,-,-,-,-,1.2,,2.7,10.6
462,RAHEEM BLACKSHEAR,RB,CAR,-,-,-,-,-,2.2,BYE,3.1,0.5,1.3,0,-,0.6,0.8,0,2,0,,1.1,10.5
463,PARRIS CAMPBELL,WR,DAL,0.2,2.1,2.4,1.5,2.3,0,0,0,1.5,0.6,0,-0.2,-,-,-,-,-,,0.9,10.4
464,KEAONTAY INGRAM,RB,KC,-0.4,0.6,2.1,-,-,5.1,-,1.6,0.8,0.2,-,-,-,-,-,-,-,,1.4,10.0
464,MARQUISE GOODWIN,WR,FA,0,0,0.1,0,-,2.4,2.3,-0.5,0,-,-,-,-,0,5.7,0,0,,0.8,10.0
466,RONNIE RIVERS,RB,LAR,0,0.4,0,5.7,0.1,1.3,-,-,-,BYE,-,-,-,-,-,2,0.4,,1.2,9.9
467,HUNTER LUEPKE,RB,DAL,0,0,2.1,6.4,0,0,BYE,-0.2,0,0,0,0,0,0,0.3,1.1,0,,0.6,9.7
468,KEITH KIRKWOOD,WR,BAL,0,0,0,-,0.1,0,0,-,-,-,-,2,0,0,6.7,0.9,0,,0.8,9.7
468,JK DOBBINS,RB,DEN,9.7,-,-,-,-,-,-,-,BYE,-,-,-,-,-,-,-,-,,9.7,9.7
470,LAWRENCE CAGER,WR,WAS,1.7,-,-,-,-,0,-,-,0,7,0,0,-,0,0.9,-,-,,1.2,9.6
471,BRENTON STRANGE,TE,JAC,0,0,0.7,0,0,8.7,0,0,BYE,0,0,0,-,-,-,0,0.1,,0.7,9.5
472,GEOFF SWAIM,TE,FA,0,0,0,0,2.2,0,0.8,0,0,1.3,1.5,0,1,-,2.6,-,-,,0.7,9.4
473,CLAYTON TUNE,QB,ARI,0,-,-,-,-,-,0.2,-,1.1,6.1,-,2,-,BYE,0,-,0,,1.3,9.4
474,MARCEDES LEWIS,TE,FA,0,-,-,0.8,0,0,1.6,0,0,0,0,0,-,0.4,0,6.1,0,,0.6,8.9
475,ISRAEL ABANIKANDA,RB,GB,-,-,-,-,-,BYE,-,-,-,-,1.6,0,-,-0.1,1.9,4.3,1,,1.5,8.7
476,QUINTIN MORRIS,TE,JAC,-,-,-,-,0,7.5,-,-,0,0,1.1,0,-,0,0,0,0,,0.9,8.6
477,NICK BAWDEN,RB,FA,-,-,6.1,-,0,0,-,0,0.7,0,0,0.6,0,0.3,0,-,0.8,,0.7,8.5
478,DARE OGUNBOWALE,RB,HOU,-,0.4,-,-,-,-,BYE,-,3,0,0,-,1.5,1.1,1.7,0.6,0,,0.9,8.3
479,BEN SIMS,TE,GB,0,0,0,0,1.2,BYE,0.2,0,0,-,0,0,6.1,0,0,0,0.6,,0.5,8.1
479,TRAYVEON WILLIAMS,RB,FA,0.7,0.4,0.4,0.4,0.5,0.3,-,0.6,1.3,0.2,2,0,0,-0.1,1.2,0,0.2,,0.5,8.1
481,DEUCE VAUGHN,RB,DAL,0.8,3.2,-,1.1,0.8,-,BYE,0,-,0.9,-,-,-,-,-,-,1.2,,1.1,8.0
482,RICHIE JAMES,WR,FA,0.6,-2,-,-,-,-,-,-,-,-,-,0,1.2,0.4,1.7,5.4,0.6,,1.0,7.9
483,STERLING SHEPARD,WR,TB,0,0.4,0,0.6,1.3,0,-1.7,-,0,6.2,0.5,0.6,-,-,0,0,0,,0.6,7.9
484,SAMORI TOURE,WR,CHI,1.8,0.6,2,3.5,0,-,0.3,0,-,-,-,0,BYE,2.2,-,0,-2.6,,0.7,7.8
485,TIM JONES,WR,MIN,-,0,1.1,-0.1,0,0,1.7,0,-,1.7,0,0,0,0,0,3.2,0,,0.5,7.6
486,CHARLIE JONES,WR,CIN,0,6,0.6,-,-,-,BYE,-,-,-,0,0,0,0,1,-0.1,0,,0.8,7.5
487,VELUS JONES,WR,NO,-,-0.3,0,1,0,2,0,0.4,0,-,BYE,0,-,1.1,2.3,0.4,0.2,,0.5,7.1
488,BRIAN HOYER,QB,FA,-,-,-,-,-,3.8,3.2,-,-,-,-,-,-,-,-,-,-,,3.5,6.9
489,SAM DARNOLD,QB,SEA,-0.2,-,-0.1,-0.1,-0.1,-,-,-,-,-0.1,-,-,-0.1,-,0.6,7.1,-0.2,,0.8,6.9
489,SIMI FEHOKO,WR,ARI,-,-,-,0,-,-,-,6.9,0,0,0,-,-,BYE,-,-,-,,1.4,6.9
491,GARY BRIGHTWELL,RB,CIN,1.1,0,3.6,1.9,-,-,BYE,-,-,-,-,-,-,-,-,-,-,,1.7,6.6
492,JOSIAH DEGUARA,TE,ARI,0,0.5,0,3.4,1.9,-,0,0,0.7,0,0,-,-,0,0,0,0,,0.5,6.5
493,BLAKE BELL,TE,FA,7.2,-,-,-,0,0,-1.3,0,0,-,0,0,0,0,0,0.4,0,,0.5,6.3
493,JALEN BROOKS,WR,DAL,-,0,-,-,-,0,BYE,-,-,3.9,0,2.4,-,-,-,-,0,,1.1,6.3
493,MIKE BOONE,RB,FA,1.8,-,0,0.4,0,1.1,-,1.6,0.3,0.6,0.5,-,-,-,-,-,-,,0.7,6.3
496,TRENT SHERFIELD,WR,DEN,-,-,1.8,1.8,0.3,0,0.5,0,0.9,0,0,0,-,0.9,0,0,0,,0.4,6.2
496,KO KIEFT,TE,TB,0,0,0,0,BYE,0,0,0,0,0,0,0,0,0,6.2,0,-,,0.4,6.2
498,DARNELL WASHINGTON,TE,PIT,0,0,0,1,0,BYE,0,0,0.7,0.6,0.8,1,0,1.2,0,0.8,0,,0.4,6.1
499,RAKIM JARRETT,WR,TB,0,0.7,0,0.3,BYE,0,0,0.9,0,0,4.1,-,-,-,-,-,-,,0.6,6.0
499,TYLAN WALLACE,WR,BAL,-,0,-,-,-,-,-,-,0,-,0,0,BYE,6,0,0,0,,0.8,6.0
501,PAYNE DURHAM,TE,TB,-,-,-,-,BYE,0.8,0,0,0,0,1.3,1.2,0,0,0,2.5,0,,0.5,5.8
502,BRETT RYPIEN,QB,MIN,-,-,-,-,-,-,-,1.7,4.1,-,-,-,BYE,-,-,-,-,,2.9,5.8
503,ISAIAH MCKENZIE,WR,FA,0,0.7,0.3,0.6,0.4,2.3,0.7,0,-0.8,3.1,-,0.3,0,-2,-,-,-,,0.4,5.6
503,MITCHELL WILCOX,TE,FA,0,-,1,0.7,0,0,-,0,0,0,0,0.1,1.2,0,2,0.6,0,,0.4,5.6
505,DAMIEN WILLIAMS,RB,FA,-,-,-,-,-,4.4,0.2,0.9,-,-,-,-,-,-,-,-,-,,1.8,5.5
506,DEANDRE CARTER,WR,CLE,0.5,0,1.6,0,0.3,0,0,0,1.5,1.5,0,0,-,0,0,0,0,,0.3,5.4
507,IAN THOMAS,TE,LV,0,-,0.8,0,2.8,-,-,-,-,-,0,0.9,0.6,0,-,0,0,,0.5,5.1
508,TY MONTGOMERY,RB,FA,1.6,0,0,-,0.5,0.9,0,0,0,0,-,0,0.2,1.7,-,-,-,,0.4,4.9
508,QUEZ WATKINS,WR,ARI,1.7,-,-,-,0.4,-,-,-,-,-,-,0,2.8,0,0,0,-,,0.7,4.9
510,MIKE STRACHAN,WR,WAS,-,-,-,-,-,-,-,-,-,4.5,0,-,0,0,-,-,-,,1.1,4.5
511,KESHAWN VAUGHN,RB,FA,-,-,-,1.9,-,0.9,0.7,0.1,0.8,-,-,-,-,-,-,-,-,,0.9,4.4
511,EQUANIMEOUS ST BROWN,WR,FA,-,-,-,2.1,0,-,-,-,-,0.4,1.9,0,-,-,-,-,0,,0.7,4.4
513,ERIC GRAY,RB,NYG,0,0,0,0,2.6,0.2,0,-,-,-,0,0,BYE,0,0.6,0,0.8,,0.3,4.2
514,AUSTIN SEIBERT,K,FA,-,4,-,-,-,-,-,-,-,-,-,-,-,-,-,-,-,,4.0,4.0
515,ELIJAH COOKS,WR,PHI,-,-,-,-,-,0,0,0,-,0,-,-,-,0,0,3.8,0,,0.5,3.8
516,MICHAEL BURTON,RB,DEN,0.3,0.3,0,0,2,0.2,-0.2,0,BYE,0,0,0,0.4,0.3,0,0.4,0,,0.2,3.7
517,JUSTYN ROSS,WR,FA,0.6,0,0,0,2.8,0,0,-,-,-,-,-,-,-,-,0.2,0,,0.4,3.6
518,TEAGAN QUITORIANO,TE,ATL,1.1,0,0,-,2.2,0,-,0,-,-,BYE,-,-,-,-,-,-,,0.6,3.3
518,KEITH SMITH,RB,FA,0,0,-,0,2.8,0,-0.1,0,-,0,-,0.6,0,0,0,-,-,,0.3,3.3
518,DEVIN DUVERNAY,WR,CHI,0,1.5,0,0.8,0,0,0,0,1,0,0,0,BYE,0,-,-,-,,0.3,3.3
521,SEAN TUCKER,RB,TB,2.4,0.7,0.1,0,BYE,-,-,-,-,0,-,-,-,-,-,-,-,,0.6,3.2
522,CJ HAM,RB,MIN,0.7,0,0.7,0,0,0,0,0.2,0,0,0,0.3,BYE,0.7,0,0.6,0,,0.2,3.2
523,JAREN HALL,QB,FA,-,-,-,-,-,-,-,-1.2,4.2,-,-,-,-,-,-,-,0.1,,1.0,3.1
523,BRYCEN HOPKINS,TE,FA,2.1,0,-,0.5,0,0,0.5,0,0,-,0,-,-,0,0,0,0,,0.2,3.1
525,COOPER RUSH,QB,BAL,0,0,-,0.6,0.1,-,-,-0.2,-,2.2,0.3,-,BYE,-,-,-,-,,0.4,3.1
526,MALIK WILLIS,QB,GB,-,-,-,-,-,4.7,-,-1.6,-,-,-,-,-,-,-,-,-,,1.5,3.1
527,MIKE WHITE,QB,BUF,-,-,6.6,-,-,-1.4,-,-,-,-,-,-0.2,0.1,-,0,-,-2,,0.5,3.1
528,MECOLE HARDMAN,WR,GB,-,0.6,-,-,-,0,0.6,-0.4,1,-,1.2,-,-,-,-,-,0,,0.4,3.0
529,JALEN NAILOR,WR,MIN,0,0,-,-,-,-,-,-,-,1.6,0,0,BYE,1.3,-,-,-,,0.5,2.9
530,TRISHTON JACKSON,WR,ARI,-,-,-,-,-,0,0.7,0,2.2,0,-,-,-,BYE,-,-,-,,0.6,2.9
531,KHARI BLASINGAME,RB,FA,0,-,0,-,2.6,0.1,0.4,0,0,-,0,0,-,-0.3,0,0,0,,0.2,2.8
531,KENNY YEBOAH,TE,DET,-,-,-,-,-,-,-,-,BYE,-,-,-,-,0,0,0,2.8,,0.7,2.8
533,JACK STOLL,TE,NO,0,-,0.6,-,0.4,0,0,0,0,-,0.3,1.4,0,0,0,0,0,,0.2,2.7
534,STEVEN SIMS,WR,SEA,-,-,-,-,BYE,-,-,-,-,-,2.5,0,-,-,0.1,-,-,,0.9,2.6
535,JULIAN HILL,TE,MIA,-,-,0,0,0,0,0,0.4,0,BYE,-1,0,2.3,0,0,0,0.9,,0.2,2.6
536,GREG DULCICH,TE,NYG,2.2,-,-,-,-,0.3,-,-,-,-,-,-,BYE,-,-,-,-,,1.3,2.5
536,KEELAN DOSS,WR,FA,-,-,-,-,-,0,0,-,-,-,-,-,-,-,-,-,2.5,,0.8,2.5
538,DERRICK GORE,RB,FA,-,-,-,0,0,-,-,-,-,-,2.3,-,-,-,-,0,-,,0.6,2.3
539,DEEJAY DALLAS,RB,ARI,1.8,0.3,0.5,0,-,-0.1,-2,0,0,0,1.4,-0.5,0.6,0,0,0.2,0,,0.1,2.2
539,RASHAAD PENNY,RB,FA,-,1.4,-,-,-,-,-,-,0.8,-,-,-,-,-,-,-,-,,1.1,2.2
539,ERIK EZUKANMA,WR,MIA,1.7,0.5,-,-,-,-,-,-,-,BYE,-,-,-,-,-,-,-,,1.1,2.2
539,JAKE FUNK,RB,FA,2.2,-,-,-,-,-,-,-,-,-,-,-,-,-,-,-,-,,2.2,2.2
539,NATE ADKINS,TE,DEN,-,0,1.1,0.8,0,-,0.3,0,BYE,-,0,0,-,-,-,-,0,,0.2,2.2
544,TREVON WESCO,TE,FA,0,0,-,-,2.1,0,-,0,0,0,0,0,0,0,0,-,-,,0.2,2.1
544,GRANT CALCATERRA,TE,PHI,0,0,0,0,0,0,0,0,-,BYE,0,-,0,0,-,2.1,0,,0.2,2.1
544,ZONOVAN KNIGHT,RB,NYJ,-,-,1.3,-,0.8,-,BYE,-,-,-,-,-,-,-,-,-,-,,1.1,2.1
544,TYRION DAVIS-PRICE,RB,FA,-,-,-,-,2.1,-,-,-,-,-,-,-,-,-,-,-,-,,2.1,2.1
548,GUNNER OLSZEWSKI,WR,NYG,-,-2,-,-,-2,-,-,0,0,0,0,0,BYE,0,0,0,6,,0.2,2.0
548,LEONARD FOURNETTE,RB,FA,-,-,-,-,-,-,-,-,-,-,-,-,-,-,-,2,-,,2.0,2.0
550,KAYSHON BOUTTE,WR,NE,0,-,-,-,-,-,-,-,-,1.1,BYE,0.8,-,-,-,0,-,,0.5,1.9
550,ZACH PASCAL,WR,NYG,0,0.9,0,1,0,0,-,0,0,0,-,0,BYE,-,0,0,0,,0.1,1.9
550,ELIJAH DOTSON,RB,ATL,-,1.9,-,-,-,-,-,-,-,-,BYE,-,-,-,-,-,-,,1.9,1.9
553,MILES BOYKIN,WR,CHI,0,0.5,-,0,0,-,-,0,0.6,0,0,0,0,0,0,0.6,0,,0.1,1.7
554,ZACH EVANS,RB,FA,-,-,-,-,-,1,-,-,-,-,0,0.6,-,-,-,-,-,,0.5,1.6
554,CHRIS MANHERTZ,TE,NYG,0,-,0,1,0,0,0,0,-,0.6,0,0,0,0,0,0,0,,0.1,1.6
556,MARVIN JONES,WR,FA,-1.2,0,-,0,2.2,0.5,-,-,-,-,-,-,-,-,-,-,-,,0.3,1.5
557,WILLIE SNEAD,WR,FA,-,-,-,0.9,-,-,-,0,-,0,-,-,-,-,-,0.5,-,,0.4,1.4
557,PEYTON HENDERSHOT,TE,FA,0,0,0.3,-,-,-,-,-,-,-,-,-,-,0,0.5,0,0.6,,0.2,1.4
559,KENE NWANGWU,RB,NYJ,-,-,-,-,-,-,0,-,-,0.9,-,0,-,0.3,0.1,0,0,,0.2,1.3
559,DEVINE OZIGBO,RB,FA,-,-,-,-,-,1.3,-,0,-,-,-,-,-,-,-,-,-,,0.7,1.3
559,JASHAUN CORBIN,RB,ATL,-,-,-,-,-,-,-,0,-,1.3,BYE,-,-,-,-,-,-,,0.7,1.3
562,MALIK TAYLOR,WR,DET,-,-,-,-,-,-,-,0,0.7,0.6,-,-,-,-,-,-,-,,0.4,1.3
563,SEAN CLIFFORD,QB,GB,0,-,-,-,-,BYE,-,-,-,-,-,-,-,-,-,-,1.3,,0.6,1.3
564,MARCUS MARIOTA,QB,WAS,-,-,-,-,-,-,-,-,-,-,-,-,1.2,0,-,-,-,,0.6,1.2
564,JAKOB JOHNSON,RB,HOU,-,-,0,1.2,0,0,0,0,-,-,-,-,-,0,0,0,0,,0.1,1.2
564,CHARLIE WOERNER,TE,ATL,0,0,-,-,0,0,0,0,-,0,0,0.9,0,0.3,0,0,0,,0.1,1.2
564,ROSS DWELLEY,TE,SF,0,0,0,0,0,0,1.2,0,BYE,0,0,0,0,-,-,-,-,,0.1,1.2
568,CHRIS EVANS,RB,FA,1.1,-,-,-,0,0,-,0,0,0,0,-,-,-,-,-,-,,0.2,1.1
568,ANTHONY MCFARLAND,RB,FA,1.1,-,-,-,-,-,-,-,-,0,0,-,-,-,-,-,-,,0.4,1.1
568,KENYAN DRAKE,RB,FA,-,-,1.1,-,0,-,-,-,-,-,-,-,-,-,0,-,-,,0.4,1.1
568,JONATHAN WARD,RB,FA,-,-,-,-,-,-,-,0,-,-,-,-,-,0,-,0,1.1,,0.3,1.1
568,COLLIN JOHNSON,WR,LV,-,-,-,-,-,-,-,-,-,-,-,-,BYE,-,-,0,1.1,,0.6,1.1
573,CODY THOMPSON,WR,TB,-,-,-,1,BYE,0,0,-,-,-,-,-,-,-,-,-,-,,0.3,1.0
574,TUCKER FISK,TE,LAC,-,-,-,-,BYE,-,0,-,0,-,-,-,-,-,0.9,0,0,,0.2,0.9
575,AUSTIN TRAMMELL,WR,JAC,-,0,-,0,0,-2,0,0,0.6,-,2.3,0,0,0,0,0,0,,0.1,0.9
576,ERIC SAUBERT,TE,SEA,-,-,-,-,BYE,-,-,-,0,0,-,0,0.5,0,-,0,0.2,,0.1,0.7
576,EVAN HULL,RB,PIT,0.7,-,-,-,-,BYE,-,-,-,-,-,-,-,-,-,-,-,,0.7,0.7
576,BRITAIN COVEY,WR,LAR,0,0,0,0,0,0,0,0,0,BYE,0,0,0,0,0,0.7,-,,0.0,0.7
579,MASON KINSEY,WR,TEN,-,-,0,0,-,-,BYE,-,-,-,-,-,-,-,0,0.6,0,,0.1,0.6
579,COLE FOTHERINGHAM,TE,NE,-,-,-,-,-,-,-,-,-,-,BYE,-,-,-,-,0.6,0,,0.3,0.6
579,KEVIN RADER,TE,FA,-,-,-,-,0,0,-,0,0,0,0,0,0,0,0,0,0.6,,0.1,0.6
582,DELEON ESKRIDGE,WR,MIA,-,-,-,-,-,-,-,-0.5,0,BYE,0,1,-,-,-,-,-,,0.1,0.5
583,JAMES MITCHELL,TE,CAR,0,-,-,-,-,-,BYE,0,-,0,0,0,0,0,0,0,0.4,,0.0,0.4
583,JESPER HORSTED,TE,FA,0,-,-,-,-,-,0.4,-,0,-,0,-,-,-,0,-,-,,0.1,0.4
585,ADAM PRENTICE,RB,FA,0,-,-,-1,0,-,-,-,-,0,-,0,0,0,0,0,1.4,,0.0,0.4
586,COLTON DOWELL,WR,FA,-,-,-,0,-,0,-,-,-,-,0,0,0,0,0,0.3,0,,0.0,0.3
586,ALEX ARMAH,RB,FA,-,-,-,-,-,-,-,0,0,0.3,-,-,-,-,0,0,0,,0.1,0.3
586,REGGIE GILLIAM,RB,BUF,0,0.3,0,0,0,0,0,0,-,0,0,0,BYE,0,0,0,0,,0.0,0.3
589,GIOVANNI RICCI,TE,MIN,0.2,0,-,0,-,0,-,-,0,-,-,-,BYE,0,-,-,-,,0.0,0.2
589,ANTOINE GREEN,WR,FA,-,0.2,-,-,0,0,0,0,-,0,-,-,-,-,-,-,-,,0.0,0.2
589,KWAMIE LASSITER,WR,FA,-,-,-,-,0.2,-,-,-,-,-,-,-,-,-,-,-,-,,0.2,0.2
592,LAMICAL PERINE,RB,FA,-,-,-,-,-,-,-,-,0.1,-,-,0,-,-,-,0,0,,0.0,0.1
593,DAVID SILLS,WR,ATL,-,-,-,-,-,-,-,-,-,0,0,0,-,-,-,-,-,,0.0,0.0
593,TYLER JOHNSON,WR,NYJ,-,-,-,-,-,-,BYE,-,-,-,-,-,-,-,-,-,-,,,0.0
593,ZACH GENTRY,TE,FA,-,-,-,-,-,-,-,-,-,-,-,-,-,-,-,-,-,,,0.0
593,CORY WATSON,TE,MIN,-,-,-,-,-,-,-,-,-,0,-,-,BYE,0,0,-,-,,0.0,0.0
593,MATT WALTER,RB,FA,-,-,-,-,-,-,-,-,-,-,0,-,-,-,-,-,-,,0.0,0.0
593,JACOB EASON,QB,FA,-,-,-,-,-,-,-,-,-,-,0,0,-,-,-,-,-,,0.0,0.0
593,NICK MUSE,TE,PHI,-,-,-,-,-,-,-,-,-,BYE,-,-,-,-,-,-,-,,,0.0
593,DAREKE YOUNG,WR,SEA,-,-,-,-,BYE,-,-,-,-,0,-,-,-,0,0,0,-,,0.0,0.0
593,CHRIS PIERCE,TE,FA,-,-,-,-,-,-,-,-,-,-,-,-,-,-,-,-,-,,,0.0
593,SHEDRICK JACKSON,WR,LV,-,-,-,-,-,-,-,-,-,0,0,-,BYE,-,-,-,-,,0.0,0.0
593,BEN MASON,RB,FA,-,-,-,-,-,-,-,-,-,-,-,-,-,-,-,-,-,,,0.0
593,MICHAEL BANDY,WR,DEN,-,-,-,-,-,-,-,-,BYE,-,-,-,-,-,-,-,0,,0.0,0.0
593,SKYLAR THOMPSON,QB,PIT,-,-,-,-,-,BYE,-,-,-,-,-,-,-,-,-,-,-,,,0.0
593,PARKER HESSE,TE,FA,0,-,-,-,-,-,-,-,-,-,-,0,0,-,-,-,-,,0.0,0.0
593,JOSH PEDERSON,TE,FA,-,-,-,-,-,-,-,-,-,-,-,-,-,0,0,-,-,,0.0,0.0
593,SAM EHLINGER,QB,DEN,-,-,-,-,-,-,-,-,BYE,-,-,-,-,0,-,-,-,,0.0,0.0
593,JEREMY MCNICHOLS,RB,WAS,-,-,-,-,-,-,-,-,-,-,-,-,-,BYE,-,0,-,,0.0,0.0
593,RYAN MILLER,WR,TB,-,-,-,-,BYE,-,-,-,-,-,-,-,0,-,-,-,-,,0.0,0.0
593,ANTHONY FIRKSER,TE,FA,-,-,-,-,-,-,-,-,-,-,-,-,-,-,-,0,-,,0.0,0.0
593,DAN CHISENA,WR,FA,-,-,-,-,-,-,-,-,-,-,-,-,0,-,-,0,-,,0.0,0.0
593,MARQUEZ CALLAWAY,WR,SF,-,-,-,-,-,-,-,-,BYE,-,-,-,0,0,0,-,-,,0.0,0.0
593,STEPHEN ANDERSON,TE,FA,-,-,-,-,-,-,-,-,-,-,-,-,0,0,0,-,-,,0.0,0.0
593,TYREE JACKSON,TE,WAS,-,-,-,-,-,-,-,-,-,0,0,-,-,BYE,-,-,-,,0.0,0.0
593,ETHAN FERNEA,WR,FA,-,-,-,-,-,-,-,-,-,-,-,-,-,-,-,0,-,,0.0,0.0
593,JAMES ROBINSON,RB,FA,-,-,-,-,-,-,-,-,-,-,-,-,0,-,-,-,-,,0.0,0.0
593,LUCKY JACKSON,WR,MIN,-,-,-,-,-,-,-,-,-,-,-,-,BYE,-,-,0,0,,0.0,0.0
593,CHASE COTA,WR,FA,-,-,-,-,-,-,-,-,-,-,-,-,-,-,-,0,-,,0.0,0.0
593,DAX MILNE,WR,FA,-,-,-,-,-,-,-,-,-,-,0,-,-,-,-,-,-,,0.0,0.0
593,CHRIS BLAIR,WR,ATL,-,-,-,-,-,-,-,-,-,-,BYE,0,-,-,-,-,-,,0.0,0.0
593,BRITTAIN BROWN,RB,FA,-,-,-,-,-,-,-,-,-,-,-,-,-,-,-,-,0,,0.0,0.0
593,TRAVIS VOKOLEK,TE,ARI,-,-,-,-,-,-,-,-,-,-,-,-,-,BYE,-,-,0,,0.0,0.0
593,TAY MARTIN,WR,WAS,-,-,-,-,-,-,-,-,-,-,-,-,-,BYE,-,-,0,,0.0,0.0
593,HUNTER KAMPMOYER,TE,FA,-,-,-,-,-,-,-,-,-,-,-,0,-,-,-,-,-,,0.0,0.0
593,MATTHEW WRIGHT,K,CAR,-,-,-,-,-,-,BYE,-,-,-,-,-,-,-,-,-,-,,,0.0
593,JEFF DRISKEL,QB,FA,-,-,-,-,-,-,-,-,-,-,-,-,-,-,-,-,-,,,0.0
593,HUNTER LONG,TE,JAC,-,-,-,-,-,-,-,-,BYE,-,-,0,0,0,-,-,-,,0.0,0.0
593,NOAH TOGIAI,TE,FA,-,-,-,-,-,-,-,-,-,-,-,0,-,-,-,-,-,,0.0,0.0
593,HENRY PEARSON,RB,FA,-,-,-,-,-,-,-,-,-,-,-,0,0,-,-,-,-,,0.0,0.0
593,CARSON WENTZ,QB,FA,-,-,-,-,-,-,-,-,-,-,-,0,-,-,-,-,-,,0.0,0.0
593,LOGAN WOODSIDE,QB,FA,-,-,-,-,-,-,-,-,-,-,-,-,-,-,-,-,-,,,0.0
593,TERRELL BYNUM,WR,FA,-,-,-,-,-,-,-,-,-,-,0,-,-,-,-,-,-,,0.0,0.0
593,BLAKE WHITEHEART,TE,CLE,-,-,-,-,BYE,-,-,-,-,-,-,-,-,-,-,0,-,,0.0,0.0
593,ISAIAH WINSTEAD,WR,FA,-,-,-,0,-,-,0,0,-,-,-,-,-,-,-,-,-,,0.0,0.0
593,JORDAN THOMAS,TE,FA,-,-,-,-,-,-,-,-,-,0,-,-,-,-,-,-,-,,0.0,0.0
593,BRADY RUSSELL,TE,SEA,-,-,0,-,BYE,-,0,0,-,0,0,-,0,0,0,0,-,,0.0,0.0
593,DARRELL DANIELS,TE,FA,-,-,-,-,0,0,-,-,-,-,-,-,-,-,-,-,-,,0.0,0.0
593,COREY CLEMENT,RB,FA,-,-,-,-,0,-,-,-,-,-,0,-,-,-,-,-,-,,0.0,0.0
593,LAQUON TREADWELL,WR,IND,-,-,-,0,0,-,-,-,-,-,BYE,-,-,-,-,-,0,,0.0,0.0
593,MATT SLATER,WR,FA,-,-,-,0,0,-,0,-,-,-,-,-,-,0,-,-,0,,0.0,0.0
593,SEAN MCKEON,TE,IND,-,-,-,0,0,0,-,0,0,0,0,0,0,-,-,-,-,,0.0,0.0
593,BRYANT KOBACK,RB,FA,-,-,-,0,-,-,-,-,-,-,-,-,-,-,-,-,-,,0.0,0.0
593,JAMYCAL HASTY,RB,FA,-,-,-,0,0,-,-,-,-,-,-,-,-,-,-,-,-,,0.0,0.0
593,MONTRELL WASHINGTON,WR,NYG,-,-,0,0,0,0,-,-,-,-,-,0,BYE,-,-,-,-,,0.0,0.0
593,DEVON ALLEN,WR,FA,-,-,0,-,-,-,-,-,-,-,-,-,-,-,-,-,-,,0.0,0.0
593,ANDY ISABELLA,WR,SF,-,-,0,-,-,-,-,-,BYE,-,-,0,-,-,-,-,-,,0.0,0.0
593,BRAYDEN WILLIS,TE,SF,-,-,0,0,-,-,-,-,BYE,-,-,-,-,0,0,0,0,,0.0,0.0
593,NKEAL HARRY,WR,FA,-,-,-,-,0,0,0,0,0,0,0,0,-,-,-,-,-,,0.0,0.0
593,JOHN FITZPATRICK,TE,GB,-,-,0,-,0,BYE,-,0,-,0,-,-,-,-,-,-,-,,0.0,0.0
593,TRE MCKITTY,TE,FA,-,-,0,-,-,0,-,0,-,-,-,-,-,-,-,-,-,,0.0,0.0
593,DALTON KEENE,TE,FA,-,-,0,-,-,-,-,-,-,0,-,-,-,-,-,-,-,,0.0,0.0
593,KIRK MERRITT,WR,FA,-,0,-,-,-,-,-,-,-,-,-,-,-,-,-,-,-,,0.0,0.0
593,PHILLIP DORSETT,WR,LV,0,-,-,-,-,-,-,-,-,-,-,-,BYE,-,-,-,0,,0.0,0.0
593,CEPHUS JOHNSON,WR,FA,0,-,-,0,-,-,-,-,-,-,-,-,-,-,-,-,-,,0.0,0.0
593,ALIZ MACK,RB,FA,0,-,-,-,-,-,-,-,-,-,0,-,-,-,-,-,-,,0.0,0.0
593,JULIUS CHESTNUT,RB,TEN,0,0,-,-,-,-,BYE,-,-,-,-,-,-,-,-,-,-,,0.0,0.0
593,TREQUAN SMITH,WR,FA,0,-,-,-,-,-,-,0,-,-,-,-,-,-,-,-,-,,0.0,0.0
593,TRAVIS HOMER,RB,CHI,0,-,0,0,-,-,0,0,-,-,-,0,BYE,0,0,-,-,,0.0,0.0
593,KEARIS JACKSON,WR,FA,0,0,-,-,-,-,-,-,-,-,-,-,-,-,-,-,-,,0.0,0.0
593,JUWANN WINFREE,WR,FA,0,-,-,-,-,-,-,0,0,0,-,-,-,-,-,-,-,,0.0,0.0
593,RODNEY WILLIAMS,TE,FA,-,-,-,-,0,-,0,0,0,0,0,0,0,0,0,0,0,,0.0,0.0
593,JORDAN MIMS,RB,TEN,-,-,-,-,0,0,BYE,-,-,-,-,-,-,-,-,-,-,,0.0,0.0
593,AMARI RODGERS,WR,FA,-,-,-,-,0,0,-,-,-,-,-,-,-,-,-,-,-,,0.0,0.0
593,SARODORICK THOMPSON,RB,FA,-,-,-,-,-,-,0,0,-,-,-,-,-,-,-,-,-,,0.0,0.0
593,STANLEY MORGAN,WR,FA,-,-,-,-,-,-,-,-,0,0,-,-,-,-,-,-,-,,0.0,0.0
593,DAMIERE BYRD,WR,FA,-,-,-,-,-,-,-,-,0,-,-,-,-,-,-,-,-,,0.0,0.0
593,ALBERT OKWUEGBUNAM,TE,FA,-,-,-,-,-,-,-,-,0,-,0,0,0,-,-,-,-,,0.0,0.0
593,NICK VANNETT,TE,FA,-,-,-,-,-,-,-,-,0,0,0,-,-,0,0,0,0,,0.0,0.0
593,MAX DUGGAN,QB,FA,-,-,-,-,-,-,-,-,0,-,-,-,-,-,-,-,-,,0.0,0.0
593,JALEN VIRGIL,WR,BUF,-,-,-,-,-,-,-,0,-,-,-,-,BYE,-,-,-,-,,0.0,0.0
593,DJ TURNER,WR,FA,-,-,-,-,-,-,-,0,0,-,0,-,-,0,0,0,-,,0.0,0.0
593,ANDRE BACCELLIA,WR,ARI,-,-,-,-,-,-,-,0,0,-,0,0,0,BYE,-,-,-,,0.0,0.0
593,ZACK KUNTZ,TE,NYJ,-,-,-,-,-,-,BYE,0,-,-,-,-,-,-,-,-,-,,0.0,0.0
593,TYLER KROFT,TE,FA,-,-,-,-,-,-,-,0,-,-,0,0,-,-,0,-,-,,0.0,0.0
593,AARON RODGERS,QB,PIT,0,-,-,-,-,BYE,-,-,-,-,-,-,-,-,-,-,-,,0.0,0.0
593,EASOP WINSTON,WR,FA,-,-,-,-,-,-,0,-,-,-,-,-,-,-,-,-,-,,0.0,0.0
593,IRVIN CHARLES,WR,NYJ,-,-,-,-,0,0,BYE,-,0,0,0,0,-,0,0,0,0,,0.0,0.0
593,MATT SOKOL,TE,BUF,-,-,-,-,-,-,0,-,-,-,-,-,BYE,-,-,0,0,,0.0,0.0
593,CHRIS CONLEY,WR,FA,-,-,-,-,-,-,0,-,-,-,-,-,0,0,0,0,0,,0.0,0.0
593,MATT BUSHMAN,TE,FA,0,-,-,-,-,-,-,-,-,-,-,-,-,-,-,-,-,,0.0,0.0
593,JP HOLTZ,TE,FA,-,-,-,-,-,0,-,-,-,-,-,-,-,-,-,-,-,,0.0,0.0
593,CHRIS OLADOKUN,QB,KC,-,-,-,-,-,0,-,0,-,BYE,-,-,-,-,-,-,-,,0.0,0.0
593,ERIC LAIR,RB,FA,-,-,-,-,-,0,-,-,-,-,-,-,-,-,-,0,-,,0.0,0.0
593,MOHAMED IBRAHIM,RB,FA,-,-,-,-,-,-,0,-,-,-,-,-,-,-,-,-,-,,0.0,0.0
593,MALIK DAVIS,RB,FA,-,-,-,-,-,0,-,-,-,-,-,-,-,-,0,-,-,,0.0,0.0
593,DYLAN DRUMMOND,WR,ATL,-,-,-,-,0,-,-,-,-,-,BYE,-,-,-,-,-,-,,0.0,0.0
593,MALIK CUNNINGHAM,QB,BAL,-,-,-,-,-,0,-,-,-,-,-,-,BYE,-,-,-,-,,0.0,0.0
593,TANNER CONNER,TE,MIA,-,-,-,-,-,0,0,-,-,BYE,-,-,0,-,-,-,-,,0.0,0.0
593,JAELON DARDEN,WR,FA,-,-,-,-,-,0,-,-,-,-,-,-,-,-,-,-,-,,0.0,0.0
593,DWAYNE WASHINGTON,RB,FA,-,-,-,-,-,-,0,0,-,0,-,-,0,-,-,-,-,,0.0,0.0
695,AJ MCCARRON,QB,FA,-,-,-,-,-,-,-,-,-,-,-,-,-,0,-,-,-,,0.0,-0.0
707,JOHNNY JOHNSON,WR,HOU,-,-,-,-,-,-,BYE,-,-,-,-,-,-,-,-,-,-,,,0.0
696,KYLE TRASK,QB,TB,-,-,-,-,BYE,-,-,-,-,-0.1,-,0,-,-,-,-,-,,-0.1,-0.1
697,JONATHAN WILLIAMS,RB,FA,-,-,-,-,-,-,-,-,-,-,-,-,-,-,-0.2,-,-,,-0.2,-0.2
697,TEDDY BRIDGEWATER,QB,FA,-,-,-,-,-0.2,-,-,-,-,-,-,-,-,-,-,-,-,,-0.2,-0.2
699,MATT BARKLEY,QB,FA,-,-,-,-,-,-,-,-,-,-,-,-,-,-,-,-,-0.3,,-0.3,-0.3
700,NATHAN PETERMAN,QB,FA,-,-,-,-,-,-,-0.4,-,-,-,-,-,-,-,-,-,-,,-0.4,-0.4
701,BLAINE GABBERT,QB,FA,-,-,-0.9,-,-,-,-,-,-,-,-,-,-,-,-,-,-,,-0.9,-0.9
702,DEON JACKSON,RB,FA,-1.2,-,-,-,-,-,-,-,0.2,-,-,-,-,-,-,-,-,,-0.5,-1.0
702,DAVID WELLS,TE,FA,-,-1,-,-,-,-,-,-,-,-,-,-,-,-,-,-,0,,-0.5,-1.0
704,KYLE ALLEN,QB,DET,-,-0.2,-0.2,-0.3,-,0,-,-,BYE,-,-0.2,-,-,-,-0.2,-,-0.2,,-0.2,-1.3
705,JAMES PROCHE,WR,TEN,-,-,-,-,-,-,BYE,-,0,-2,0,0,0,0,0,0,0,,-0.2,-2.0
706,TRENT TAYLOR,WR,SF,0,0,-,0,0,0,0,-0.2,0,0,0,0,-,0,-2,0,0,,-0.1,-2.2
